dataset,method,perturbation,cost_change_from_clean,ci_low,ci_high,clean_mean_cost,perturbed_mean_cost,products,matched_rows,bootstrap_draws,bootstrap_seed
MAN,factorized_similarity_residual,donor_history_half,10.7567984,2.731429735,20.5820873,370.0447425,380.8015409,250,750,4000,3754746231
MAN,factorized_similarity_residual,remove_top_similarity,4.113135529,0.6026113757,7.721523185,370.0447425,374.157878,250,750,4000,3698767933
MAN,factorized_similarity_residual,within_pool_similarity_perturbation,1.807921586,-1.796952392,5.566447521,370.0447425,371.8526641,250,750,4000,1674703390
MAN,factorized_similarity_residual,metadata_e2e_low,23.55904197,11.38279481,36.44154841,370.0447425,393.6037845,250,750,4000,1920204925
MAN,factorized_similarity_residual,metadata_e2e_high,32.71979488,13.88707935,57.20547879,370.0447425,402.7645374,250,750,4000,1579632707
MAN,similarity_complete,donor_history_half,-9.885778555,-17.5957129,-3.066120572,290.8836103,280.9978318,250,750,4000,4122060178
MAN,similarity_complete,remove_top_similarity,2.464470789,-4.435183439,10.35168397,290.8836103,293.3480811,250,750,4000,397847467
MAN,similarity_complete,within_pool_similarity_perturbation,2.668823939,0.44587216,5.182286703,290.8836103,293.5524343,250,750,4000,2517626945
MAN,similarity_complete,metadata_e2e_low,45.99474972,21.86225269,71.59206064,290.8836103,336.8783601,250,750,4000,603495735
MAN,similarity_complete,metadata_e2e_high,114.0909509,64.66146082,181.0063642,290.8836103,404.9745612,250,750,4000,1680739294
BRAF,factorized_similarity_residual,donor_history_half,3.417774299,0.07506715336,8.002598487,25.19692459,28.61469889,250,750,4000,1638379154
BRAF,factorized_similarity_residual,remove_top_similarity,0.8364325474,-0.06769218104,1.976471523,25.19692459,26.03335714,250,750,4000,117768706
BRAF,factorized_similarity_residual,within_pool_similarity_perturbation,0.2698019665,-0.604602576,1.432122444,25.19692459,25.46672656,250,750,4000,3937212387
BRAF,factorized_similarity_residual,metadata_e2e_low,-1.656234843,-4.235283184,0.5640818924,25.19692459,23.54068975,250,750,4000,666856998
BRAF,factorized_similarity_residual,metadata_e2e_high,1.283344887,-0.8219616079,3.466393798,25.19692459,26.48026948,250,750,4000,2861424568
BRAF,similarity_complete,donor_history_half,-0.2542819998,-2.030603863,1.564345854,33.21934296,32.96506096,250,750,4000,3116170380
BRAF,similarity_complete,remove_top_similarity,2.371489318,-2.360986364,9.397785386,33.21934296,35.59083228,250,750,4000,2512307561
BRAF,similarity_complete,within_pool_similarity_perturbation,1.597918774,-1.762626321,6.565589203,33.21934296,34.81726173,250,750,4000,1090732400
BRAF,similarity_complete,metadata_e2e_low,-5.496794852,-10.18790066,-1.21945252,33.21934296,27.72254811,250,750,4000,1032675264
BRAF,similarity_complete,metadata_e2e_high,-1.125317636,-6.219635766,4.079104447,33.21934296,32.09402532,250,750,4000,2012582815
