seed,method,selected_candidate,contraction_alpha,occurrence_logit_shift,training_objective,validation_objective,effective_relation_parameters,effective_continuous_parameters,coefficient_0,coefficient_1,coefficient_2,coefficient_3,coefficient_4,coefficient_5,coefficient_6,coefficient_7
20260930,strict_shared,13,0.0,1.5,2.5452622356767765,12.404566585135097,4,5,0.9947146440797314,0.2015310012538615,-0.1741273785409216,-1.2603679824562104,,,,
20260930,strict_separate,35,0.0,1.5,2.607621591015224,12.01188056426028,8,9,0.094870499675622,0.3540208587748191,0.8344061893580474,-0.4163764521245388,0.8413042316502932,-0.838019597415031,1.1979332066771635,-1.1280106975374804
20261011,strict_shared,82,0.0,1.5,2.5914515725875877,12.526421213297208,4,5,1.2169058528342631,-0.2996152822005168,0.1490923218546394,-1.0653793413529289,,,,
20261011,strict_separate,50,0.0,1.5,2.831597253733757,13.668891721413637,8,9,-0.4702236383128265,1.0912838011450774,-1.0156011344249742,-1.1189330838920044,-0.1775265452668887,-0.9865195411086758,-0.6590603410575832,-0.8795788892894928
20261023,strict_shared,4,0.0,1.5,2.562599817945511,11.474902300217842,4,5,1.3496280964786995,1.5636093361984482,0.9389975249115528,-1.3100575079182568,,,,
20261023,strict_separate,49,0.0,1.5,2.56542765722162,11.762783132858168,8,9,-1.4965684474492331,-0.5689481645882672,0.6288975056260822,0.6500449761273215,0.8899162173972153,1.257684268584749,0.5984430518549363,-1.1212588792070222
20261037,strict_shared,56,0.0,1.5,2.473084759116913,11.264219621522036,4,5,0.8381057495119594,1.227866726801534,-0.0802859033435051,-1.7470186675886463,,,,
20261037,strict_separate,28,0.0,1.5,2.589697776476223,11.662220473694292,8,9,-0.856571116762267,0.1682160873888683,-1.1712836808284626,0.3791696054870901,1.6729468607710691,-0.2387348117917134,1.4147050487494808,-1.5263423363743924
20261051,strict_shared,75,0.0,1.5,2.5592467256353184,11.097005568857115,4,5,0.9920537109107443,0.923382722427199,1.3488001712050608,-1.504802097426149,,,,
20261051,strict_separate,39,0.0,1.5,2.559199854602068,11.102438624998102,8,9,1.1734009463990307,0.439939484550804,-0.2770930807881199,-0.1568847139912597,0.9920537109107443,0.923382722427199,1.3488001712050608,-1.504802097426149
