dataset,cutoff,seed,method,selected_candidate,contraction_alpha,occurrence_logit_shift,training_objective,validation_objective,effective_relation_parameters,effective_continuous_parameters,search_budget,candidate_slots,unique_candidates,training_evaluations,validation_evaluations,coefficient_0,coefficient_1,coefficient_2,coefficient_3,coefficient_4,coefficient_5,coefficient_6,coefficient_7
MAN,96,20260930,strict_shared,17,0.0,0.5,9.96453501309302,6.3129808048133595,4,5,,100,100,400,48,-0.15949673667303288,-2.0607004886926945,-0.5577188384652788,-1.6830063104460191,,,,
MAN,96,20260930,strict_separate,10,0.0,-0.25,10.744949768926366,7.2149094432624565,8,9,,100,100,400,48,-0.18097638942203353,-0.29304972048642286,-0.3226213442672371,-0.08590291908269244,-0.15949673667303288,-2.0607004886926945,-0.5577188384652788,-1.6830063104460191
MAN,96,20261011,strict_shared,56,0.0,0.5,8.426272839477281,9.548403588078203,4,5,,100,100,400,48,-0.3559299317900037,-1.1282896664041477,-0.2887886950053047,-2.05319297354094,,,,
MAN,96,20261011,strict_separate,94,0.0,0.5,8.682926903126347,9.378998165236784,8,9,,100,100,400,48,1.114473077449716,-1.0883494876676323,-0.7459330933039058,0.18473600501682777,1.2743745718066464,-0.721315836850208,-0.568656174326441,-1.6526057818814817
MAN,96,20261023,strict_shared,16,0.0,0.0,9.158985478435374,7.336320180003032,4,5,,100,100,400,48,0.26439317735163914,-0.09999273246043729,-1.719715213528253,-1.303517970931824,,,,
MAN,96,20261023,strict_separate,64,0.0,-0.25,9.89580931216375,7.602977560628987,8,9,,100,100,400,48,1.310809004372406,-1.1000351425647652,0.3634240413549364,-2.1324366619740593,-0.026233471206714955,-0.12092135026831217,-0.6715644518927999,-1.3283450651914466
MAN,96,20261037,strict_shared,22,0.0,0.25,11.673357379714787,6.897480319162454,4,5,,100,100,400,48,-1.003790190683059,-0.6951272668472916,-0.3629084419128126,-1.4899771423270072,,,,
MAN,96,20261037,strict_separate,75,0.0,0.0,11.056705254543521,6.8487030912177245,8,9,,100,100,400,48,0.6346020420657783,-0.7623845316537151,-0.11185753156065359,0.2973564620574366,-0.8858075065068256,0.029381501814092787,-0.9178250320389086,-2.1575375111411965
MAN,96,20261051,strict_shared,80,0.0,0.5,10.320061683334924,7.619826571753226,4,5,,100,100,400,48,-1.3298971388822531,-0.9132377959588389,-0.7125574570618574,-1.1510371967760344,,,,
MAN,96,20261051,strict_separate,40,0.0,0.5,10.383829695237694,8.72111113027196,8,9,,100,100,400,48,-0.28817658689081427,-0.23291712896901964,-0.780226650449829,-0.9605008787172449,0.6361847671006648,-0.3536003183984482,-1.135283059885962,-0.7363240927299509
MAN,108,20260930,strict_shared,63,0.0,0.5,10.391038172395136,7.550383088018498,4,5,,100,100,400,48,0.5801428529558538,-1.255558322281943,0.16149214225003103,-1.5652287558142295,,,,
MAN,108,20260930,strict_separate,41,0.0,0.75,11.269924928383045,8.575532182351047,8,9,,100,100,400,48,-0.4364579793916785,-1.6590685315233777,-0.715809681894349,-0.5872731928868178,-0.5191154924866527,-1.2256420273566615,-2.0854319282867015,-0.9465742957023142
MAN,108,20261011,strict_shared,16,0.0,0.5,11.800060276546983,8.109400776212214,4,5,,100,100,400,48,0.26439317735163914,-0.09999273246043729,-1.719715213528253,-1.303517970931824,,,,
MAN,108,20261011,strict_separate,64,0.0,0.0,12.511555297617141,8.375672213288372,8,9,,100,100,400,48,1.310809004372406,-1.1000351425647652,0.3634240413549364,-2.1324366619740593,-0.026233471206714955,-0.12092135026831217,-0.6715644518927999,-1.3283450651914466
MAN,108,20261023,strict_shared,83,0.0,1.5,11.774862631205835,8.66550317626725,4,5,,100,100,400,48,-0.6743435650926622,-0.9418461493437941,0.08173378798340786,-1.694172824885933,,,,
MAN,108,20261023,strict_separate,32,0.0,1.0,12.912178861331506,8.283586430883181,8,9,,100,100,400,48,0.42311864826843293,-0.22278405353307865,-0.799609615610985,-0.8757395995974933,-0.4014387864716289,0.8205968808051127,-0.5355007771455993,-1.9388657835383396
MAN,108,20261037,strict_shared,91,0.0,0.75,11.630877321984045,10.338361698238444,4,5,,100,100,400,48,0.18344819505568943,-1.3150802149921519,-0.9225349212210223,-1.0715997614454946,,,,
MAN,108,20261037,strict_separate,94,0.0,0.25,11.8237226896587,9.505697910319794,8,9,,100,100,400,48,0.06054747605616239,-0.4181495200256154,-0.5070383588398109,-0.18363816527921586,0.4657646198389765,-0.21762270756526753,0.9860413206969567,-2.436413155604338
MAN,108,20261051,strict_shared,20,0.0,1.0,11.772050324504715,6.773063727090824,4,5,,100,100,400,48,1.028747580789784,-0.4066357641308148,-0.35847235626700386,-1.786240802221045,,,,
MAN,108,20261051,strict_separate,49,0.0,1.5,12.107807074177783,7.398792773759737,8,9,,100,100,400,48,-0.8355983893170236,-1.0083630249440396,-1.8303609323976202,-0.10924696537833181,1.039714146924491,0.3172932307249582,-0.1296181888905294,-1.166893256459285
MAN,120,20260930,strict_shared,6,0.0,1.25,12.245234709939801,6.415134578934503,4,5,,100,100,400,48,0.4698013149049729,-1.0054933039883165,-1.31541711899862,-0.56373798118479,,,,
MAN,120,20260930,strict_separate,96,0.0,0.25,12.768749868947834,6.69833270608506,8,9,,100,100,400,48,-0.619821404973969,0.23026665226635662,-0.21842437960878774,0.07481326687421079,0.6165322664755944,-1.0668383790212521,0.19543298139864004,-1.2153896571475133
MAN,120,20261011,strict_shared,11,0.0,0.25,11.210359540820248,8.406345387745946,4,5,,100,100,400,48,0.06331464846088812,-0.3721527112426748,-0.04448609523059698,-1.3011945171614987,,,,
MAN,120,20261011,strict_separate,92,0.0,0.75,11.18099049137385,7.61948757749481,8,9,,100,100,400,48,0.5915625391122448,-0.8786196121112527,-1.3036921795570902,-0.30338283256329573,0.6276589231411466,-0.7505638839171991,0.31794410524876077,-1.6998231230817273
MAN,120,20261023,strict_shared,69,0.0,0.75,11.607004817724544,8.698358280969503,4,5,,100,100,400,48,0.4293514343933598,-1.346559408876408,-0.47762297423166794,-0.6169283628914136,,,,
MAN,120,20261023,strict_separate,36,0.0,0.75,11.66635333981521,8.475067708907822,8,9,,100,100,400,48,-0.24665917395185774,-0.5131640489292176,-1.682876122729307,-1.2060400824855892,0.4293514343933598,-1.346559408876408,-0.47762297423166794,-0.6169283628914136
MAN,120,20261037,strict_shared,83,0.0,1.25,12.689045009102832,9.443850149933315,4,5,,100,100,400,48,-1.0829359631142326,-0.5456665715652144,-1.0001406731516402,-1.1563181272855114,,,,
MAN,120,20261037,strict_separate,32,0.0,1.25,12.341253457618144,9.557968576307118,8,9,,100,100,400,48,0.3179700929679493,-0.36946091877364373,-0.7864335255293375,-0.4439953870302926,-0.5388604473289957,-1.0627815868091304,-0.36619097243552423,-1.3720704784439888
MAN,120,20261051,strict_shared,26,0.0,0.75,12.942937482787887,10.970970727251553,4,5,,100,100,400,48,-0.82364840318299,-0.8746126311897578,-0.6475799009204017,-1.7616370619615211,,,,
MAN,120,20261051,strict_separate,80,0.0,1.0,12.934409566365948,11.047952359680735,8,9,,100,100,400,48,0.2367755351913243,-1.9801479864391085,-0.7685893977155822,0.1568554152942766,0.2798491272867512,-0.7440992526474397,-0.46505052621556936,-0.39113036912678995
