budget,dataset,seed,cutoff,method,selected_candidate,contraction_alpha,occurrence_logit_shift,training_objective,validation_objective,candidate_slots,unique_candidates,training_evaluations,validation_evaluations
100,MAN,20260930,96.0,strict_shared,17,0.0,0.5,9.96453501309302,6.31298080481336,100,50,200,48
100,MAN,20260930,96.0,strict_separate,17,0.0,0.5,9.96453501309302,6.31298080481336,100,100,400,48
100,MAN,20261011,96.0,strict_shared,48,0.0,0.5,9.694300346380574,9.72312574712288,100,50,200,48
100,MAN,20261011,96.0,strict_separate,79,0.0,0.75,8.60296092520517,9.674755611929829,100,100,400,48
100,MAN,20261023,96.0,strict_shared,16,0.0,0.0,9.158985478435374,7.336320180003032,100,50,200,48
100,MAN,20261023,96.0,strict_separate,16,0.0,0.0,9.158985478435374,7.336320180003032,100,100,400,48
100,MAN,20261037,96.0,strict_shared,22,0.0,0.25,11.673357379714789,6.897480319162454,100,50,200,48
100,MAN,20261037,96.0,strict_separate,22,0.0,0.25,11.673357379714789,6.897480319162454,100,100,400,48
100,MAN,20261051,96.0,strict_shared,32,0.0,0.5,9.532505694641763,8.078818413389545,100,50,200,48
100,MAN,20261051,96.0,strict_separate,69,0.0,0.5,9.96015114015412,7.810619783949424,100,100,400,48
100,MAN,20260930,108.0,strict_shared,11,0.0,0.25,11.570450316618553,7.58867069101254,100,50,200,48
100,MAN,20260930,108.0,strict_separate,11,0.0,0.25,11.570450316618553,7.58867069101254,100,100,400,48
100,MAN,20261011,108.0,strict_shared,16,0.0,0.5,11.800060276546985,8.109400776212214,100,50,200,48
100,MAN,20261011,108.0,strict_separate,16,0.0,0.5,11.800060276546985,8.109400776212214,100,100,400,48
100,MAN,20261023,108.0,strict_shared,11,0.0,1.0,12.175107097410024,8.82929637867918,100,50,200,48
100,MAN,20261023,108.0,strict_separate,65,0.0,1.25,12.687318914832542,8.539494629069859,100,100,400,48
100,MAN,20261037,108.0,strict_shared,34,0.0,0.25,12.48632047305096,10.535475311726028,100,50,200,48
100,MAN,20261037,108.0,strict_separate,79,0.0,0.5,11.562521159215787,10.09764528527678,100,100,400,48
100,MAN,20261051,108.0,strict_shared,20,0.0,1.0,11.772050324504717,6.773063727090824,100,50,200,48
100,MAN,20261051,108.0,strict_separate,20,0.0,1.0,11.772050324504717,6.773063727090824,100,100,400,48
100,MAN,20260930,120.0,strict_shared,6,0.0,1.25,12.2452347099398,6.415134578934503,100,50,200,48
100,MAN,20260930,120.0,strict_separate,52,0.0,0.0,12.778212659617354,6.2450116804790445,100,100,400,48
100,MAN,20261011,120.0,strict_shared,11,0.0,0.25,11.210359540820248,8.406345387745946,100,50,200,48
100,MAN,20261011,120.0,strict_separate,66,0.0,0.5,11.198562824043975,7.952979503839085,100,100,400,48
100,MAN,20261023,120.0,strict_shared,19,0.0,0.25,10.516523973822194,9.518450093399876,100,50,200,48
100,MAN,20261023,120.0,strict_separate,98,0.0,0.75,11.382031283215614,9.302998731066449,100,100,400,48
100,MAN,20261037,120.0,strict_shared,45,0.0,1.5,12.62832535611734,9.88517819669357,100,50,200,48
100,MAN,20261037,120.0,strict_separate,45,0.0,1.5,12.62832535611734,9.88517819669357,100,100,400,48
100,MAN,20261051,120.0,strict_shared,26,0.0,0.75,12.942937482787888,10.970970727251553,100,50,200,48
100,MAN,20261051,120.0,strict_separate,26,0.0,0.75,12.942937482787888,10.970970727251553,100,100,400,48
100,BRAF,20260930,48.0,strict_shared,13,0.0,1.5,7.159370396195805,4.394772271590056,100,50,200,48
100,BRAF,20260930,48.0,strict_separate,13,0.0,1.5,7.159370396195805,4.394772271590056,100,100,400,48
100,BRAF,20261011,48.0,strict_shared,23,0.0,-0.25,6.025075306878136,10.199305915798831,100,50,200,48
100,BRAF,20261011,48.0,strict_separate,69,0.0,-0.25,4.951455132939377,10.306618181039369,100,100,400,48
100,BRAF,20261023,48.0,strict_shared,41,0.0,0.25,7.475587903307841,10.659028503354572,100,50,200,48
100,BRAF,20261023,48.0,strict_separate,66,0.0,0.0,7.520695449901727,10.507280395222327,100,100,400,48
100,BRAF,20261037,48.0,strict_shared,12,0.0,1.0,8.0201515927016,10.982687236836773,100,50,200,48
100,BRAF,20261037,48.0,strict_separate,12,0.0,1.0,8.0201515927016,10.982687236836773,100,100,400,48
100,BRAF,20261051,48.0,strict_shared,47,0.0,0.5,6.259774711331987,3.636806908241744,100,50,200,48
100,BRAF,20261051,48.0,strict_separate,47,0.0,0.5,6.259774711331987,3.636806908241744,100,100,400,48
100,BRAF,20260930,54.0,strict_shared,15,0.0,0.25,5.813356739636596,7.129190973455708,100,50,200,48
100,BRAF,20260930,54.0,strict_separate,86,0.0,0.25,5.752792733354088,6.897169222950383,100,100,400,48
100,BRAF,20261011,54.0,strict_shared,11,0.0,0.0,6.252438363239151,3.14936457240726,100,50,200,48
100,BRAF,20261011,54.0,strict_separate,95,0.0,0.25,6.181607974811678,3.067185293072192,100,100,400,48
100,BRAF,20261023,54.0,strict_shared,42,0.0,-1.0,7.93131594058019,4.6816118662023785,100,50,200,48
100,BRAF,20261023,54.0,strict_separate,87,0.0,-0.75,7.097238487549928,4.35590262747803,100,100,400,48
100,BRAF,20261037,54.0,strict_shared,41,0.0,0.25,5.089652533454673,12.767181277512512,100,50,200,48
100,BRAF,20261037,54.0,strict_separate,41,0.0,0.25,5.089652533454673,12.767181277512512,100,100,400,48
100,BRAF,20261051,54.0,strict_shared,13,0.0,-0.25,6.022835576535063,4.034330534087925,100,50,200,48
100,BRAF,20261051,54.0,strict_separate,13,0.0,-0.25,6.022835576535063,4.034330534087925,100,100,400,48
100,BRAF,20260930,60.0,strict_shared,39,0.0,0.25,4.039031735921738,14.098080520151926,100,50,200,48
100,BRAF,20260930,60.0,strict_separate,39,0.0,0.25,4.039031735921738,14.098080520151926,100,100,400,48
100,BRAF,20261011,60.0,strict_shared,41,0.0,0.0,5.282144971882797,9.585302173130245,100,50,200,48
100,BRAF,20261011,60.0,strict_separate,41,0.0,0.0,5.282144971882797,9.585302173130245,100,100,400,48
100,BRAF,20261023,60.0,strict_shared,7,0.0,0.5,5.3257628446295655,9.969661363601256,100,50,200,48
100,BRAF,20261023,60.0,strict_separate,91,0.0,0.25,6.486126352575905,9.09720711200217,100,100,400,48
100,BRAF,20261037,60.0,strict_shared,20,0.0,0.25,4.2142137198053895,7.862634416251609,100,50,200,48
100,BRAF,20261037,60.0,strict_separate,59,0.0,0.0,3.766111195327917,7.742323289146759,100,100,400,48
100,BRAF,20261051,60.0,strict_shared,46,0.0,0.25,7.482087975251379,4.020861062503791,100,50,200,48
100,BRAF,20261051,60.0,strict_separate,46,0.0,0.25,7.482087975251379,4.020861062503791,100,100,400,48
100,UCI,20260930,,strict_shared,30,0.0,1.5,11.21959305157504,8.233544518340647,100,50,200,48
100,UCI,20260930,,strict_separate,30,0.0,1.5,11.21959305157504,8.233544518340647,100,100,400,48
100,UCI,20261011,,strict_shared,29,0.0,1.5,11.007538153536611,10.316034761063449,100,50,200,48
100,UCI,20261011,,strict_separate,69,0.0,1.5,11.016776381025505,8.08459087498894,100,100,400,48
100,UCI,20261023,,strict_shared,39,0.0,1.5,10.4738159671925,9.384820214995672,100,50,200,48
100,UCI,20261023,,strict_separate,80,0.0,1.0,11.593897071201177,9.019111861310066,100,100,400,48
100,UCI,20261037,,strict_shared,10,0.0,1.5,12.907138508719555,9.588663384566686,100,50,200,48
100,UCI,20261037,,strict_separate,66,0.0,1.5,10.5589626101605,7.406875457261056,100,100,400,48
100,UCI,20261051,,strict_shared,39,0.0,1.5,11.053939466887323,9.139497246037072,100,50,200,48
100,UCI,20261051,,strict_separate,62,0.0,1.0,11.416729836795897,8.81467669142674,100,100,400,48
100,Favorita,20260930,,strict_shared,42,0.0,1.5,2.724821058384663,12.232223627423744,100,50,200,48
100,Favorita,20260930,,strict_separate,13,0.0,1.5,2.5452622356767765,12.404566585135097,100,100,400,48
100,Favorita,20261011,,strict_shared,29,0.0,1.5,2.5114815432844493,13.815950286358415,100,50,200,48
100,Favorita,20261011,,strict_separate,82,0.0,1.5,2.5541527652534817,13.001065486904034,100,100,400,48
100,Favorita,20261023,,strict_shared,4,0.0,1.5,2.562599817945511,11.474902300217842,100,50,200,48
100,Favorita,20261023,,strict_separate,4,0.0,1.5,2.562599817945511,11.474902300217842,100,100,400,48
100,Favorita,20261037,,strict_shared,23,0.0,1.5,2.5783731001071435,12.00375884349494,100,50,200,48
100,Favorita,20261037,,strict_separate,23,0.0,1.5,2.5783731001071435,12.00375884349494,100,100,400,48
100,Favorita,20261051,,strict_shared,39,0.0,1.5,2.492761376303893,13.595484807584768,100,50,200,48
100,Favorita,20261051,,strict_separate,62,0.0,1.5,2.578935204718195,12.966210355114836,100,100,400,48
200,MAN,20260930,96.0,strict_shared,17,0.0,0.5,9.96453501309302,6.31298080481336,200,100,400,48
200,MAN,20260930,96.0,strict_separate,17,0.0,0.5,9.96453501309302,6.31298080481336,200,200,800,48
200,MAN,20261011,96.0,strict_shared,56,0.0,0.5,8.426272839477281,9.548403588078203,200,100,400,48
200,MAN,20261011,96.0,strict_separate,56,0.0,0.5,8.426272839477281,9.548403588078203,200,200,800,48
200,MAN,20261023,96.0,strict_shared,16,0.0,0.0,9.158985478435374,7.336320180003032,200,100,400,48
200,MAN,20261023,96.0,strict_separate,16,0.0,0.0,9.158985478435374,7.336320180003032,200,200,800,48
200,MAN,20261037,96.0,strict_shared,22,0.0,0.25,11.673357379714789,6.897480319162454,200,100,400,48
200,MAN,20261037,96.0,strict_separate,15,0.0,0.25,10.112073705771174,7.637255301158961,200,200,800,48
200,MAN,20261051,96.0,strict_shared,80,0.0,0.5,10.320061683334924,7.619826571753226,200,100,400,48
200,MAN,20261051,96.0,strict_separate,80,0.0,0.5,10.320061683334924,7.619826571753226,200,200,800,48
200,MAN,20260930,108.0,strict_shared,63,0.0,0.5,10.391038172395136,7.550383088018498,200,100,400,48
200,MAN,20260930,108.0,strict_separate,63,0.0,0.5,10.391038172395136,7.550383088018498,200,200,800,48
200,MAN,20261011,108.0,strict_shared,16,0.0,0.5,11.800060276546985,8.109400776212214,200,100,400,48
200,MAN,20261011,108.0,strict_separate,191,0.0,0.25,11.773944095455803,7.947161467887253,200,200,800,48
200,MAN,20261023,108.0,strict_shared,83,0.0,1.5,11.774862631205837,8.66550317626725,200,100,400,48
200,MAN,20261023,108.0,strict_separate,104,0.0,1.25,11.697154276700468,8.569625085105555,200,200,800,48
200,MAN,20261037,108.0,strict_shared,91,0.0,0.75,11.630877321984045,10.338361698238444,200,100,400,48
200,MAN,20261037,108.0,strict_separate,129,0.0,0.5,11.562521159215787,10.09764528527678,200,200,800,48
200,MAN,20261051,108.0,strict_shared,20,0.0,1.0,11.772050324504717,6.773063727090824,200,100,400,48
200,MAN,20261051,108.0,strict_separate,87,0.0,1.5,10.671475981757665,7.352462905067415,200,200,800,48
200,MAN,20260930,120.0,strict_shared,6,0.0,1.25,12.2452347099398,6.415134578934503,200,100,400,48
200,MAN,20260930,120.0,strict_separate,194,0.0,0.5,12.149114693053829,6.345620368955422,200,200,800,48
200,MAN,20261011,120.0,strict_shared,11,0.0,0.25,11.210359540820248,8.406345387745946,200,100,400,48
200,MAN,20261011,120.0,strict_separate,116,0.0,0.5,11.198562824043975,7.952979503839085,200,200,800,48
200,MAN,20261023,120.0,strict_shared,69,0.0,0.75,11.607004817724544,8.698358280969503,200,100,400,48
200,MAN,20261023,120.0,strict_separate,69,0.0,0.75,11.607004817724544,8.698358280969503,200,200,800,48
200,MAN,20261037,120.0,strict_shared,83,0.0,1.25,12.689045009102832,9.443850149933317,200,100,400,48
200,MAN,20261037,120.0,strict_separate,83,0.0,1.25,12.689045009102832,9.443850149933317,200,200,800,48
200,MAN,20261051,120.0,strict_shared,26,0.0,0.75,12.942937482787888,10.970970727251553,200,100,400,48
200,MAN,20261051,120.0,strict_separate,178,0.0,0.5,12.598210373278944,10.818040685383032,200,200,800,48
200,BRAF,20260930,48.0,strict_shared,71,0.0,1.5,7.964200837273322,4.369341257703282,200,100,400,48
200,BRAF,20260930,48.0,strict_separate,71,0.0,1.5,7.964200837273322,4.369341257703282,200,200,800,48
200,BRAF,20261011,48.0,strict_shared,30,0.0,-0.5,5.006909543996713,10.52596131580382,200,100,400,48
200,BRAF,20261011,48.0,strict_separate,119,0.0,-0.25,4.951455132939377,10.306618181039369,200,200,800,48
200,BRAF,20261023,48.0,strict_shared,41,0.0,0.25,7.475587903307841,10.659028503354572,200,100,400,48
200,BRAF,20261023,48.0,strict_separate,150,0.0,0.25,7.110279185973482,9.25045679068742,200,200,800,48
200,BRAF,20261037,48.0,strict_shared,12,0.0,1.0,8.0201515927016,10.982687236836773,200,100,400,48
200,BRAF,20261037,48.0,strict_separate,12,0.0,1.0,8.0201515927016,10.982687236836773,200,200,800,48
200,BRAF,20261051,48.0,strict_shared,47,0.0,0.5,6.259774711331987,3.636806908241744,200,100,400,48
200,BRAF,20261051,48.0,strict_separate,47,0.0,0.5,6.259774711331987,3.636806908241744,200,200,800,48
200,BRAF,20260930,54.0,strict_shared,91,0.0,0.5,5.422954800921613,6.9030368822554165,200,100,400,48
200,BRAF,20260930,54.0,strict_separate,91,0.0,0.5,5.422954800921613,6.9030368822554165,200,200,800,48
200,BRAF,20261011,54.0,strict_shared,11,0.0,0.0,6.252438363239151,3.14936457240726,200,100,400,48
200,BRAF,20261011,54.0,strict_separate,145,0.0,0.25,6.181607974811678,3.067185293072192,200,200,800,48
200,BRAF,20261023,54.0,strict_shared,72,0.0,-1.0,7.439647615352602,4.501246578294779,200,100,400,48
200,BRAF,20261023,54.0,strict_separate,137,0.0,-0.75,7.097238487549928,4.35590262747803,200,200,800,48
200,BRAF,20261037,54.0,strict_shared,71,0.0,0.0,4.803836502284545,12.71551148986326,200,100,400,48
200,BRAF,20261037,54.0,strict_separate,152,0.25,0.0,4.872923488420016,12.55657246871274,200,200,800,48
200,BRAF,20261051,54.0,strict_shared,98,0.0,-0.25,6.1340408151581975,3.83013812997147,200,100,400,48
200,BRAF,20261051,54.0,strict_separate,98,0.0,-0.25,6.1340408151581975,3.83013812997147,200,200,800,48
200,BRAF,20260930,60.0,strict_shared,56,0.0,0.25,3.869080021315457,13.812544780586164,200,100,400,48
200,BRAF,20260930,60.0,strict_separate,56,0.0,0.25,3.869080021315457,13.812544780586164,200,200,800,48
200,BRAF,20261011,60.0,strict_shared,41,0.0,0.0,5.282144971882797,9.585302173130245,200,100,400,48
200,BRAF,20261011,60.0,strict_separate,41,0.0,0.0,5.282144971882797,9.585302173130245,200,200,800,48
200,BRAF,20261023,60.0,strict_shared,62,0.0,0.25,5.4986876770076325,9.21161430057816,200,100,400,48
200,BRAF,20261023,60.0,strict_separate,62,0.0,0.25,5.4986876770076325,9.21161430057816,200,200,800,48
200,BRAF,20261037,60.0,strict_shared,72,0.0,0.25,4.4102263380349065,7.548665855697003,200,100,400,48
200,BRAF,20261037,60.0,strict_separate,155,0.0,0.25,3.6455278583819095,7.229943215399067,200,200,800,48
200,BRAF,20261051,60.0,strict_shared,71,0.0,0.25,7.911669726186663,3.775460024201289,200,100,400,48
200,BRAF,20261051,60.0,strict_separate,71,0.0,0.25,7.911669726186663,3.775460024201289,200,200,800,48
200,UCI,20260930,,strict_shared,30,0.0,1.5,11.21959305157504,8.233544518340647,200,100,400,48
200,UCI,20260930,,strict_separate,30,0.0,1.5,11.21959305157504,8.233544518340647,200,200,800,48
200,UCI,20261011,,strict_shared,83,0.0,1.5,10.183026649871056,6.699306538404724,200,100,400,48
200,UCI,20261011,,strict_separate,83,0.0,1.5,10.183026649871056,6.699306538404724,200,200,800,48
200,UCI,20261023,,strict_shared,54,0.0,1.5,10.799201604980558,8.352288853943252,200,100,400,48
200,UCI,20261023,,strict_separate,54,0.0,1.5,10.799201604980558,8.352288853943252,200,200,800,48
200,UCI,20261037,,strict_shared,63,0.0,1.5,10.628809947996356,7.998315411249233,200,100,400,48
200,UCI,20261037,,strict_separate,116,0.0,1.5,10.5589626101605,7.406875457261056,200,200,800,48
200,UCI,20261051,,strict_shared,39,0.0,1.5,11.053939466887323,9.139497246037072,200,100,400,48
200,UCI,20261051,,strict_separate,157,0.0,1.5,11.804506494176836,8.585704188061676,200,200,800,48
200,Favorita,20260930,,strict_shared,13,0.0,1.5,2.5452622356767765,12.404566585135097,200,100,400,48
200,Favorita,20260930,,strict_separate,176,0.0,1.5,2.4897233644695174,12.68505130348694,200,200,800,48
200,Favorita,20261011,,strict_shared,82,0.0,1.5,2.5914515725875877,12.526421213297208,200,100,400,48
200,Favorita,20261011,,strict_separate,184,0.0,1.5,2.623233601162516,11.251877158898443,200,200,800,48
200,Favorita,20261023,,strict_shared,4,0.0,1.5,2.562599817945511,11.474902300217842,200,100,400,48
200,Favorita,20261023,,strict_separate,4,0.0,1.5,2.562599817945511,11.474902300217842,200,200,800,48
200,Favorita,20261037,,strict_shared,56,0.0,1.5,2.473084759116913,11.264219621522036,200,100,400,48
200,Favorita,20261037,,strict_separate,56,0.0,1.5,2.473084759116913,11.264219621522036,200,200,800,48
200,Favorita,20261051,,strict_shared,75,0.0,1.5,2.5592467256353184,11.097005568857115,200,100,400,48
200,Favorita,20261051,,strict_separate,75,0.0,1.5,2.5592467256353184,11.097005568857115,200,200,800,48
