budget,dataset,policy_seed,cost_difference,service_difference,separate_mean_cost,shared_mean_cost,products,matched_rows
100,MAN,20260930,2.033201197580409,-0.012277933778144815,357.54151597087775,355.50831477329734,250,13500
100,MAN,20261011,0.10071699148257418,0.002755386904458543,354.25201123490797,354.1512942434254,250,13500
100,MAN,20261023,-7.805328277204572,0.024339557085999018,351.12693598281476,358.93226426001934,250,13500
100,MAN,20261037,1.889534727418413,-0.011572711214346073,352.3636076973383,350.4740729699198,250,13500
100,MAN,20261051,-3.1708424264987216,0.006370578962618696,353.5751691064517,356.74601153295043,250,13500
100,BRAF,20260930,-0.5004297411950409,0.002137455438480975,23.42367840174023,23.924108142935264,250,13500
100,BRAF,20261011,-0.041432955399412635,-0.004248096018527317,23.38685688325703,23.428289838656443,250,13500
100,BRAF,20261023,-0.5946582992608183,0.004766125593817128,23.07017281068105,23.66483110994187,250,13500
100,BRAF,20261037,-0.16347545621849283,-0.006630818185575284,23.754692279210712,23.918167735429204,250,13500
100,BRAF,20261051,0.0,0.0,23.933209619959005,23.933209619959005,250,13500
100,UCI,20260930,0.0,0.0,390.47777777777776,390.47777777777776,120,1440
100,UCI,20261011,9.3125,-0.0636840858023606,421.6659722222222,412.3534722222222,120,1440
100,UCI,20261023,-27.01736111111111,0.027997638338360106,388.22291666666666,415.2402777777778,120,1440
100,UCI,20261037,6.6722222222222225,-0.009480257738115519,385.2729166666667,378.60069444444446,120,1440
100,UCI,20261051,4.579861111111111,-0.025547790349675425,410.15486111111113,405.575,120,1440
100,Favorita,20260930,479.6332520827055,-0.035409292770324494,8356.894841241916,7877.26158915921,250,3000
100,Favorita,20261011,830.7420756063461,-0.0637292154489186,9897.685184341113,9066.943108734768,250,3000
100,Favorita,20261023,0.0,0.0,8288.741825716377,8288.741825716377,250,3000
100,Favorita,20261037,0.0,0.0,8108.808786652962,8108.808786652962,250,3000
100,Favorita,20261051,978.0640199538469,-0.05460654250608588,9918.246445063432,8940.182425109586,250,3000
200,MAN,20260930,1.8839848641109707,-0.00980255709806205,359.3889571248671,357.5049722607561,250,13500
200,MAN,20261011,-2.0353333213286544,0.01240598065150941,356.41483211391744,358.4501654352461,250,13500
200,MAN,20261023,1.5556563309234055,-0.008343948737393555,358.83972455907474,357.2840682281512,250,13500
200,MAN,20261037,1.0515806495017055,-0.0013041321694635803,353.867665018939,352.8160843694373,250,13500
200,MAN,20261051,3.7074726612903537,-0.01071631632410244,357.2846943524595,353.57722169116914,250,13500
200,BRAF,20260930,0.0,0.0,23.495229170701172,23.495229170701172,250,13500
200,BRAF,20261011,-0.08688871593814199,0.005174691181071499,23.38685688325703,23.473745599195173,250,13500
200,BRAF,20261023,0.2096000246028528,0.00018115806830594651,23.41592942756957,23.20632940296672,250,13500
200,BRAF,20261037,-0.20777528460750533,-0.00480260939793476,23.444661979945025,23.65243726455253,250,13500
200,BRAF,20261051,0.0,0.0,24.103335713233047,24.103335713233047,250,13500
200,UCI,20260930,0.0,0.0,390.47777777777776,390.47777777777776,120,1440
200,UCI,20261011,0.0,0.0,425.88680555555555,425.88680555555555,120,1440
200,UCI,20261023,0.0,0.0,398.9916666666667,398.9916666666667,120,1440
200,UCI,20261037,-21.668055555555554,0.04955503328588946,385.2729166666667,406.94097222222223,120,1440
200,UCI,20261051,-25.545833333333334,0.04548602065194848,380.02916666666664,405.575,120,1440
200,Favorita,20260930,480.0587862329086,-0.018534728953287654,8836.953627474824,8356.894841241916,250,3000
200,Favorita,20261011,-137.29152432568867,0.0188200526139589,8049.451220840534,8186.742745166222,250,3000
200,Favorita,20261023,0.0,0.0,8288.741825716377,8288.741825716377,250,3000
200,Favorita,20261037,0.0,0.0,8734.771387737075,8734.771387737075,250,3000
200,Favorita,20261051,0.0,0.0,8474.53009678193,8474.53009678193,250,3000
