dataset,method,perturbation,target_clusters,mean_cost_change,cost_change_ci95_low,cost_change_ci95_high,target_cost_change_q90,mean_fill_rate_change,mean_pinball_change,mean_tail_coverage_change,mean_donor_pool_overlap
BRAF,factorized_transfer,donor_history_half,250,1.134056803358655,-1.1560757845813185,4.365120641915222,3.7213763469148398,-0.02793794896485847,0.6784444444444447,-0.038666666666666655,1.0
BRAF,shared_hurdle,donor_history_half,250,-0.3084818310368637,-3.6767004658708498,3.441737196224801,10.941826432963925,-0.05539537091160706,2.155111111111111,-0.03733333333333333,1.0
BRAF,similarity_complete,donor_history_half,250,-0.25428199984653727,-2.1072823133502143,1.619787074002214,4.446109156280486,-0.001699133817636926,-0.23133333333333356,-0.0026666666666666666,1.0
BRAF,uniform_complete,donor_history_half,250,-0.06786587304197213,-1.607816317537571,1.5531611299286376,3.534572001710019,-0.0016554662818592364,-0.18866666666666676,0.002666666666666667,1.0
MAN,factorized_transfer,donor_history_half,250,7.653668091229696,2.843600842063836,12.652320271371865,40.279038174521574,-0.020427579052965328,1.6913011111111116,-0.017333333333333333,1.0
MAN,shared_hurdle,donor_history_half,250,25.55193643845091,14.314643054276143,38.67460361764538,94.06394481111737,-0.0838709990599271,4.151637777777779,-0.08666666666666666,1.0
MAN,similarity_complete,donor_history_half,250,-9.885778555351393,-17.363765163203865,-3.266800009931351,27.03214751086198,0.014633570659818485,-4.907146666666668,0.008,1.0
MAN,uniform_complete,donor_history_half,250,-8.24749209211413,-15.83037135607221,-1.3333606381214502,28.475607190474598,0.013400263987169633,-4.771373333333335,0.010666666666666666,1.0
BRAF,factorized_transfer,metadata_e2e_high,250,1.0242760586229955,-1.2205594264855801,3.4530389358413593,7.033992129523057,-0.025572593474615445,0.2991111111111111,-0.044,0.1276
BRAF,shared_hurdle,metadata_e2e_high,250,6.432787398467557,-1.8908716191478399,17.097553224374355,16.429322459359625,-0.02599972125220838,1.947555555555556,-0.02933333333333333,0.1276
BRAF,similarity_complete,metadata_e2e_high,250,-1.1253176362261175,-6.295726765102437,4.135972420445698,11.648299297357138,-0.02629177926027355,1.1713333333333333,-0.018666666666666665,0.1276
BRAF,uniform_complete,metadata_e2e_high,250,-0.5287145253050087,-5.8883237725673325,4.879809326186325,10.938717704188456,-0.023596956350929985,0.948888888888889,-0.017333333333333333,0.1276
MAN,factorized_transfer,metadata_e2e_high,250,44.48099795388986,18.584506442988072,77.06558877755818,233.2542914662862,-0.002992930948233149,3.1075898412698413,0.012,0.1724
MAN,shared_hurdle,metadata_e2e_high,250,27.747570879621463,7.792791434998512,48.36013161656284,197.1599394160503,-7.928608244791136e-05,1.4701977777777788,0.012000000000000004,0.1724
MAN,similarity_complete,metadata_e2e_high,250,114.09095087320044,64.17699042091274,183.92767205317963,422.0784133196245,-0.029794634548646257,11.665891111111113,-0.03866666666666667,0.1724
MAN,uniform_complete,metadata_e2e_high,250,103.76327945041955,60.52294844592816,157.59095124498003,352.23720732314,-0.0278442558224555,10.471083333333334,-0.03733333333333333,0.1724
BRAF,factorized_transfer,metadata_e2e_low,250,-2.196922753132297,-4.752734260690366,-0.10785976300875864,5.272147500191826,-0.0041617985605707855,-0.10844444444444425,-0.010666666666666666,0.198
BRAF,shared_hurdle,metadata_e2e_low,250,23.934168963135917,-5.6807240312626766,79.60206544115225,8.353287952031737,-0.007830251799246426,1.524888888888889,-0.005333333333333334,0.198
BRAF,similarity_complete,metadata_e2e_low,250,-5.496794852401154,-10.247203213960779,-1.1097603253422827,6.728422506494788,-0.012306661298301219,0.5993333333333334,-0.009333333333333334,0.198
BRAF,uniform_complete,metadata_e2e_low,250,-4.715181514244685,-9.535892437545902,-0.5653580190075342,6.570949389983227,-0.006571581440585584,0.184888888888889,-0.001333333333333333,0.198
MAN,factorized_transfer,metadata_e2e_low,250,28.960051528904515,12.597162321603484,45.37035892708478,158.73714713718718,-0.0279207768916209,0.39026222222222257,-0.030666666666666665,0.2724
MAN,shared_hurdle,metadata_e2e_low,250,37.71814740974428,21.593259344760703,55.01722807466087,184.79804539374044,-0.029705788750415314,3.843252222222223,-0.04,0.2724
MAN,similarity_complete,metadata_e2e_low,250,45.994749715858326,21.731260325811938,71.67839663968647,197.9438788409448,-0.025121957051845833,2.2415020105820123,-0.04533333333333333,0.2724
MAN,uniform_complete,metadata_e2e_low,250,43.54381834655346,20.268152107826165,68.71908422842756,212.95236767824164,-0.02189334793768125,1.075645714285713,-0.03866666666666667,0.2724
BRAF,factorized_transfer,remove_top_similarity,250,0.44069926666447456,-0.48359255702807274,1.546297576375415,2.804827518168963,-0.0034591518366776904,0.15333333333333338,-0.009333333333333332,1.0
BRAF,shared_hurdle,remove_top_similarity,250,0.07940561456586318,-1.6795897683799754,2.0337352823177333,2.8516974141427425,-0.002013267009299962,-0.07355555555555526,0.004,1.0
BRAF,similarity_complete,remove_top_similarity,250,2.37148931785546,-2.3146545167549077,9.274175176208791,5.24990627774672,-0.0049576563544549545,0.47044444444444444,-0.008,1.0
BRAF,uniform_complete,remove_top_similarity,250,0.26705707740033097,-1.3242087561796394,2.0798577372926847,2.8316879871090794,-0.00209489055545663,0.12000000000000022,0.0026666666666666666,1.0
MAN,factorized_transfer,remove_top_similarity,250,6.479043169911445,2.3027847240776977,10.697528545003482,34.69169754458116,-0.008303225578459961,1.2632244444444456,-0.014666666666666666,1.0
MAN,shared_hurdle,remove_top_similarity,250,3.783343267066876,-2.6664234222546503,10.92767487658341,15.840095519219934,-0.003271285387304921,0.42827555555555535,-0.006666666666666665,1.0
MAN,similarity_complete,remove_top_similarity,250,2.4644707892938884,-4.380330467327782,9.89811316538311,28.27276309243474,-0.005295246383294726,0.3764866666666692,-0.008,1.0
MAN,uniform_complete,remove_top_similarity,250,0.8943580859894087,-4.569610927805596,6.503570410303698,26.70210358970955,-0.003038429717381577,-0.4770177777777792,-0.002666666666666666,1.0
BRAF,factorized_transfer,within_pool_similarity_perturbation,250,0.002820393085380637,-0.284202273449746,0.2512958992403567,0.9133304832999004,-0.00032953801522874273,-0.13822222222222227,-0.0013333333333333333,1.0
BRAF,shared_hurdle,within_pool_similarity_perturbation,250,0.3304916307672071,-0.4400242691308494,1.4193408859219308,2.1871156565490484,-0.000528204816095229,0.0800000000000002,0.005333333333333333,1.0
BRAF,similarity_complete,within_pool_similarity_perturbation,250,1.5979187740471574,-1.6959707038486411,6.726781194164005,4.175750600151271,-0.001284565849362343,0.22533333333333327,0.0,1.0
BRAF,uniform_complete,within_pool_similarity_perturbation,250,0.0,0.0,0.0,0.0,0.0,0.0,0.0,1.0
MAN,factorized_transfer,within_pool_similarity_perturbation,250,2.465340569268017,0.6672353837727907,4.346749446815468,12.45100193912861,-0.00019701399845746702,0.7723622222222227,-0.0026666666666666666,1.0
MAN,shared_hurdle,within_pool_similarity_perturbation,250,0.8973312235967874,-1.0334835266491975,2.789215396132799,12.091760467867262,0.001896726553229585,0.26976666666666543,-0.006666666666666666,1.0
MAN,similarity_complete,within_pool_similarity_perturbation,250,2.6688239386731243,0.4472518495006254,5.0961286166995015,7.1534137507877205,-0.0009866275898803094,0.7817155555555576,-0.004,1.0
MAN,uniform_complete,within_pool_similarity_perturbation,250,0.0,0.0,0.0,0.0,0.0,0.0,0.0,1.0
