dataset,method,rows,mean_cost,median_cost,fill_rate
BRAF,factorized_no_contraction,13500,23.110808184224215,1.9891150646190274,0.80464835060533
BRAF,factorized_no_occurrence_calibration,13500,23.37215898436501,2.165148475780197,0.8061599731959277
BRAF,factorized_transfer,13500,23.579195686462217,2.2256568778979906,0.8110668761299253
BRAF,global_quantile,13500,24.070891101866774,2.8274523989608342,0.830005654926848
BRAF,shared_hurdle,13500,24.858841130123515,2.6308000920780032,0.8236717620965537
BRAF,similarity_complete,13500,25.960499409896926,2.621460751751126,0.8272196734239984
BRAF,single_complete,13500,28.987539830435193,2.261172679141044,0.8146279687188537
BRAF,uniform_complete,13500,25.195850689915147,2.7505014962675522,0.8277730206379007
BRAF,zig_mc_catboost_adapted,13500,22.629143820746,2.438751685356309,0.8165478097531643
MAN,factorized_no_contraction,13500,341.52398341702275,33.29638817949653,0.6136390105030043
MAN,factorized_no_occurrence_calibration,13500,333.81499851231735,35.647739710125656,0.621915577154204
MAN,factorized_transfer,13500,331.9536596606454,35.588106530463335,0.6327555294542927
MAN,global_quantile,13500,329.1477057144728,53.34796146213489,0.7123581624861794
MAN,shared_hurdle,13500,341.82620478253983,41.16272097111207,0.6089428270045735
MAN,similarity_complete,13500,307.57183230096456,44.03905409439156,0.7128961772889797
MAN,single_complete,13500,330.5623102717611,40.32446685018739,0.6392591041292804
MAN,uniform_complete,13500,308.93043553117315,43.86063480481576,0.7120275811922964
MAN,zig_mc_catboost_adapted,13500,343.5846704333793,36.579523866605385,0.6703812789057368
