dataset,reference,comparator,matched_rows,difference,ci_low,ci_high
BRAF,factorized_similarity_residual,anchored_no_calibration_fixed,13500,0.07874650779557225,-0.04512974911180047,0.21829231678487007
BRAF,factorized_similarity_residual,anchored_no_contraction_refit,13500,0.28879738332827876,0.04559452479955378,0.5487315270028489
BRAF,factorized_similarity_residual,factorized_no_contraction,13500,-0.30014874495002086,-1.1148136421600328,0.3143629306869436
BRAF,factorized_similarity_residual,factorized_no_occurrence_calibration,13500,0.14146869895973782,-0.05836391346129248,0.3554564845872872
BRAF,factorized_similarity_residual,factorized_transfer,13500,0.021894100552589855,-0.1436824116702779,0.20234258702041188
BRAF,factorized_similarity_residual,global_quantile,13500,-0.9323627848358733,-2.9839066453552814,1.503958156038479
BRAF,factorized_similarity_residual,shared_hurdle,13500,-1.2459584966926216,-2.5762840209038993,0.2802218166709908
BRAF,factorized_similarity_residual,shared_similarity_residual,13500,-1.4324158527628883,-2.789340975716254,-0.009192133907724685
BRAF,factorized_similarity_residual,similarity_complete,13500,-2.821971092866025,-5.319096703065491,-0.2398293451743682
BRAF,factorized_similarity_residual,single_complete,13500,-5.8490115134042915,-9.49152549446253,-2.9352797590686475
BRAF,factorized_similarity_residual,uniform_complete,13500,-2.057322372884246,-4.533873573856668,0.6881130582381207
BRAF,factorized_similarity_residual,zig_mc_catboost_adapted,13500,0.5093844962848992,-1.2030612196504222,2.794038537520223
MAN,factorized_similarity_residual,anchored_no_calibration_fixed,13500,-4.149791846294229,-5.3160543101250495,-3.118915482638841
MAN,factorized_similarity_residual,anchored_no_contraction_refit,13500,-4.949436101621836,-6.314347605020871,-3.805746604185928
MAN,factorized_similarity_residual,factorized_no_contraction,13500,-4.264455584598507,-5.582542402568096,-3.1508751545092752
MAN,factorized_similarity_residual,factorized_no_occurrence_calibration,13500,-4.167596968223972,-5.274991134037468,-3.149438613694828
MAN,factorized_similarity_residual,factorized_transfer,13500,-0.08056062668740192,-0.32788124109831757,0.12903250733705782
MAN,factorized_similarity_residual,global_quantile,13500,11.1657730990417,0.3416473615987511,22.543643376752165
MAN,factorized_similarity_residual,shared_hurdle,13500,-4.282029898104151,-8.409224625656137,0.1927667001826407
MAN,factorized_similarity_residual,shared_similarity_residual,13500,-3.4569713604161434,-7.7913108051129285,1.3225116824396002
MAN,factorized_similarity_residual,similarity_complete,13500,32.741646512549984,22.469836591985487,44.306820307267984
MAN,factorized_similarity_residual,single_complete,13500,9.751168541753442,-2.7977043292484676,24.991920227785183
MAN,factorized_similarity_residual,uniform_complete,13500,31.383043282341372,21.516213938984045,42.69819990133715
MAN,factorized_similarity_residual,zig_mc_catboost_adapted,13500,-3.2711916198648026,-8.273433993352844,1.3647568242731627
