dataset,perturbation,method,mean_cost,tail_cost,fill_rate,pinball,tail_coverage
BRAF,donor_history_half,anchored_no_calibration_fixed,28.562895633968015,231.14790752737676,0.8405580684663623,17.60977777777778,0.8293333333333334
BRAF,donor_history_half,anchored_no_contraction_refit,29.463742093897643,238.05069551777433,0.8099564448210687,18.136222222222223,0.784
BRAF,donor_history_half,factorized_no_contraction,30.156016968660595,244.6544088921043,0.8098478952818092,17.991333333333333,0.7733333333333333
BRAF,donor_history_half,factorized_no_occurrence_calibration,28.207871441568834,226.99714426650002,0.8370464190758918,17.592666666666666,0.824
BRAF,donor_history_half,factorized_seed_20260930,26.468947044186482,198.72088921043112,0.8801503912882109,16.63533333333333,0.8693333333333333
BRAF,donor_history_half,factorized_seed_20261011,30.83742339438982,248.02982801144398,0.8005011604983693,18.068666666666665,0.788
BRAF,donor_history_half,factorized_seed_20261023,28.544077696296057,231.33015532682208,0.8263972904126543,17.726444444444446,0.808
BRAF,donor_history_half,factorized_seed_20261037,29.16274874762954,233.53944512041392,0.8389160795019461,17.710888888888892,0.8173333333333334
BRAF,donor_history_half,factorized_seed_20261051,27.932519714558193,223.35506988062747,0.8235885982149876,17.84155555555556,0.8053333333333333
BRAF,donor_history_half,factorized_similarity_residual,28.614698893967798,228.45509947712847,0.8464858056648434,17.552666666666667,0.8306666666666667
BRAF,donor_history_half,factorized_transfer,27.824990320847995,219.19438583798777,0.8481448569095938,17.47511111111111,0.8266666666666667
BRAF,donor_history_half,shared_hurdle,31.58640867287097,236.231086849288,0.8407758930135771,18.229333333333333,0.8306666666666667
BRAF,donor_history_half,shared_similarity_residual,32.2967980970546,243.36023238734148,0.8320918857534128,18.596222222222224,0.812
BRAF,donor_history_half,similarity_complete,32.96506095783047,225.4111654963645,0.9357856943728222,14.97022222222222,0.9186666666666666
BRAF,donor_history_half,single_complete,48.56982937069069,356.3268549881066,0.879894730220888,18.071777777777775,0.8346666666666667
BRAF,donor_history_half,uniform_complete,31.881335306433403,222.07772961952054,0.9362984363472255,15.171555555555555,0.924
BRAF,donor_history_half,uniform_hurdle,30.453417694322955,212.34542492902324,0.9316266382646508,15.361555555555555,0.9213333333333333
BRAF,metadata_e2e_high,anchored_no_calibration_fixed,26.31704999616342,196.24301503357052,0.8518809209546119,17.093333333333334,0.8226666666666667
BRAF,metadata_e2e_high,anchored_no_contraction_refit,26.655280476174816,204.39541188463946,0.8391604745102604,17.374666666666666,0.7986666666666666
BRAF,metadata_e2e_high,factorized_no_contraction,27.096965240553782,207.50435989345263,0.8365779453919442,17.370888888888892,0.7933333333333333
BRAF,metadata_e2e_high,factorized_no_occurrence_calibration,26.46080787486161,201.2556168678133,0.8488906113577144,17.106666666666666,0.8133333333333334
BRAF,metadata_e2e_high,factorized_seed_20260930,28.119366415644492,207.53197627895253,0.873865547491812,16.833555555555556,0.8373333333333334
BRAF,metadata_e2e_high,factorized_seed_20261011,27.747296655595385,212.93373847654755,0.8378174968362779,17.208,0.7973333333333333
BRAF,metadata_e2e_high,factorized_seed_20261023,26.645979282449275,206.50969734837275,0.8430653366103338,17.214666666666666,0.8146666666666667
BRAF,metadata_e2e_high,factorized_seed_20261037,27.58524989312375,212.83775548905484,0.8542001876843813,17.16,0.8173333333333334
BRAF,metadata_e2e_high,factorized_seed_20261051,27.375950277878264,210.51755379438106,0.8353476042412668,17.30355555555556,0.7893333333333333
BRAF,metadata_e2e_high,factorized_similarity_residual,26.48026948162277,201.30243458625188,0.8563985825005677,17.00755555555556,0.824
BRAF,metadata_e2e_high,factorized_transfer,26.459812380106772,201.54807677551602,0.8572991977569648,16.990222222222222,0.8173333333333334
BRAF,metadata_e2e_high,shared_hurdle,42.44447946331678,334.4744656735396,0.8953862829988252,18.142,0.8746666666666667
BRAF,metadata_e2e_high,shared_similarity_residual,43.44182402139718,341.63212031525757,0.8923393854037553,18.720222222222223,0.8693333333333333
BRAF,metadata_e2e_high,similarity_complete,32.09402532145089,220.2437085511965,0.9111930489301856,16.372888888888887,0.9026666666666666
BRAF,metadata_e2e_high,single_complete,41.963026998585946,311.39384721628466,0.8599046599667152,20.19777777777778,0.82
BRAF,metadata_e2e_high,uniform_complete,31.420486654170368,216.65984763282802,0.9143569462781549,16.30911111111111,0.904
BRAF,metadata_e2e_high,uniform_hurdle,31.8567503918796,221.8278018569064,0.9140257431619803,16.30488888888889,0.9013333333333333
BRAF,metadata_e2e_low,anchored_no_calibration_fixed,23.775828471833997,179.96994661668148,0.871304472445522,16.734444444444446,0.8493333333333334
BRAF,metadata_e2e_low,anchored_no_contraction_refit,23.339433281813502,176.74526532715097,0.8622215240350112,16.961555555555556,0.8333333333333334
BRAF,metadata_e2e_low,factorized_no_contraction,23.240770473653637,171.64614884605678,0.8593385560644445,17.044222222222224,0.828
BRAF,metadata_e2e_low,factorized_no_occurrence_calibration,23.150228594604666,174.89010178773253,0.8733632575271728,16.677333333333333,0.8493333333333334
BRAF,metadata_e2e_low,factorized_seed_20260930,24.844814627248514,176.4205369024521,0.8941578275392698,16.275111111111112,0.872
BRAF,metadata_e2e_low,factorized_seed_20261011,24.575868635382072,185.44596928540892,0.8633508555170908,16.711555555555556,0.8466666666666667
BRAF,metadata_e2e_low,factorized_seed_20261023,23.79268427110395,182.4756433950475,0.86659299169086,16.66288888888889,0.852
BRAF,metadata_e2e_low,factorized_seed_20261037,23.983021780832427,180.36115711357385,0.872119368403436,16.808444444444444,0.84
BRAF,metadata_e2e_low,factorized_seed_20261051,23.39372326175365,177.15287623181732,0.8627927131926437,16.886666666666667,0.8373333333333334
BRAF,metadata_e2e_low,factorized_similarity_residual,23.540689751937474,175.12720610761014,0.8783382718056757,16.651555555555557,0.856
BRAF,metadata_e2e_low,factorized_transfer,23.31512389972267,175.89020794282393,0.8792844936682127,16.673111111111112,0.8573333333333333
BRAF,metadata_e2e_low,shared_hurdle,55.21332298551964,464.4668117991385,0.9141629991696121,17.497555555555554,0.9026666666666666
BRAF,metadata_e2e_low,shared_similarity_residual,55.73518076885133,468.3406763348571,0.9107406224503994,18.016222222222222,0.896
BRAF,metadata_e2e_low,similarity_complete,27.722548105275852,177.2850055356419,0.9251781668921579,15.800888888888888,0.912
BRAF,metadata_e2e_low,single_complete,39.838289804553476,287.9553167373694,0.8976185791928237,17.28177777777778,0.86
BRAF,metadata_e2e_low,uniform_complete,27.23401966523069,174.3698992622798,0.9313823211884992,15.545111111111112,0.92
BRAF,metadata_e2e_low,uniform_hurdle,26.87702237276245,172.66125861861073,0.9307450998477329,15.48777777777778,0.9186666666666666
BRAF,none,anchored_no_calibration_fixed,23.05978180923533,187.43121734456707,0.7995853584445127,12.56106734006734,0.8746666666666667
BRAF,none,anchored_no_contraction_refit,22.84973093370262,186.10106428043358,0.8017041968311104,12.824390572390573,0.8613333333333333
BRAF,none,factorized_no_contraction,23.438677061980922,191.84778063999087,0.8004968109821684,13.016013468013469,0.848
BRAF,none,factorized_no_occurrence_calibration,22.997059618071162,186.85345092115313,0.7981236501297057,12.65681144781145,0.8686666666666667
BRAF,none,factorized_seed_20260930,23.406459698213126,185.17967955393325,0.8177891019982758,12.317787878787877,0.8853333333333333
BRAF,none,factorized_seed_20261011,23.566775295569172,192.8306992203819,0.7948553281632939,12.816831649831649,0.8526666666666667
BRAF,none,factorized_seed_20261023,23.545092387365827,192.29474256524935,0.7870127691815523,12.848818181818181,0.8533333333333334
BRAF,none,factorized_seed_20261037,23.11890600979486,186.36727495480505,0.80698325270595,12.746690235690235,0.8613333333333333
BRAF,none,factorized_seed_20261051,23.338015598452216,191.3430239585503,0.7948888515852861,12.802885521885523,0.8533333333333334
BRAF,none,factorized_similarity_residual,23.1385283170309,186.92014908775258,0.8061296232016607,12.491161616161616,0.8753333333333333
BRAF,none,factorized_transfer,23.11663421647831,186.7648476873125,0.8062984538798318,12.606545454545456,0.8746666666666667
BRAF,none,shared_hurdle,24.38448681372352,189.72784353560047,0.819112400333556,11.78149494949495,0.9113333333333333
BRAF,none,shared_similarity_residual,24.570944169793787,191.73608510151112,0.8181188097301478,12.01693265993266,0.9033333333333333
BRAF,none,similarity_complete,25.960499409896926,202.45910870595966,0.8272196734239984,11.612713804713804,0.9286666666666666
BRAF,none,single_complete,28.987539830435193,230.23230210659472,0.8146279687188537,12.788868686868687,0.892
BRAF,none,uniform_complete,25.195850689915147,195.20410068656577,0.8277730206379007,11.708148148148148,0.93
BRAF,none,uniform_hurdle,25.218868530637252,195.5852612956934,0.8275808885414683,11.667148148148149,0.928
BRAF,remove_top_similarity,anchored_no_calibration_fixed,25.672898505924785,194.32395014633823,0.8793592402571321,16.776,0.856
BRAF,remove_top_similarity,anchored_no_contraction_refit,25.792567551273198,196.4180765389748,0.8701742100934313,17.009555555555558,0.8333333333333334
BRAF,remove_top_similarity,factorized_no_contraction,25.40763686189396,196.69622633650124,0.8694352635669041,17.048666666666666,0.8266666666666667
BRAF,remove_top_similarity,factorized_no_occurrence_calibration,25.536164161925747,195.79493877908953,0.877881465525077,16.812666666666665,0.8533333333333334
BRAF,remove_top_similarity,factorized_seed_20260930,25.589451807030816,182.78958992403565,0.9023933740626989,16.411333333333335,0.8773333333333333
BRAF,remove_top_similarity,factorized_seed_20261011,26.551516897409762,204.60696416631043,0.8710566643888686,16.808666666666667,0.8386666666666667
BRAF,remove_top_similarity,factorized_seed_20261023,26.520088570269767,200.85913645695294,0.863524353402171,17.00711111111111,0.8493333333333334
BRAF,remove_top_similarity,factorized_seed_20261037,25.99958521051882,193.55807404663787,0.8765293389518324,16.839111111111112,0.8493333333333334
BRAF,remove_top_similarity,factorized_seed_20261051,26.07844204018547,202.2103070362941,0.8695823365224875,16.900444444444446,0.84
BRAF,remove_top_similarity,factorized_similarity_residual,26.03335714207417,193.65082364115545,0.880673645242284,16.680666666666667,0.86
BRAF,remove_top_similarity,factorized_transfer,25.861655694037953,192.35771279264986,0.8816997856085697,16.71377777777778,0.86
BRAF,remove_top_similarity,shared_hurdle,30.117262477117524,205.7976127219954,0.9135073379730807,15.457555555555555,0.9093333333333333
BRAF,remove_top_similarity,shared_similarity_residual,29.97295300733336,206.91815361680207,0.9063976792492702,15.728222222222222,0.892
BRAF,remove_top_similarity,similarity_complete,35.59083227553247,250.6612840496783,0.9325271718360042,15.672,0.9133333333333333
BRAF,remove_top_similarity,single_complete,32.51049430541397,219.96630208162057,0.9038434459695776,15.923777777777776,0.8586666666666667
BRAF,remove_top_similarity,uniform_complete,32.216258256875705,216.2609606574231,0.9358590120736282,15.48022222222222,0.924
BRAF,remove_top_similarity,uniform_hurdle,32.198140638188256,215.36424725366973,0.9353371711650007,15.43977777777778,0.9213333333333333
BRAF,within_pool_similarity_perturbation,anchored_no_calibration_fixed,25.422174663202785,190.79334372960912,0.8836888669554114,16.566444444444446,0.872
BRAF,within_pool_similarity_perturbation,anchored_no_contraction_refit,25.993931182654258,199.42150021375252,0.8747493042253704,16.84111111111111,0.848
BRAF,within_pool_similarity_perturbation,factorized_no_contraction,25.629924211034016,198.2992359718066,0.86912275232368,16.996,0.828
BRAF,within_pool_similarity_perturbation,factorized_no_occurrence_calibration,25.406444407905553,192.87678076608208,0.8804583906414335,16.66111111111111,0.86
BRAF,within_pool_similarity_perturbation,factorized_seed_20260930,26.16760222302608,186.3492816819582,0.9017697254145426,16.115111111111112,0.8746666666666667
BRAF,within_pool_similarity_perturbation,factorized_seed_20261011,26.227956547951816,200.79070626020805,0.8737607437672991,16.850444444444445,0.8466666666666667
BRAF,within_pool_similarity_perturbation,factorized_seed_20261023,26.46572475254037,201.4076505887483,0.8677311540907485,16.880888888888887,0.848
BRAF,within_pool_similarity_perturbation,factorized_seed_20261037,26.13633279621165,198.95015729992218,0.8784576053138832,16.832888888888892,0.8493333333333334
BRAF,within_pool_similarity_perturbation,factorized_seed_20261051,25.660783583807426,195.2202568145511,0.8712418352125393,16.780444444444445,0.8386666666666667
BRAF,within_pool_similarity_perturbation,factorized_similarity_residual,25.46672656121543,191.71890953336185,0.8882218232293875,16.500444444444444,0.8746666666666667
BRAF,within_pool_similarity_perturbation,factorized_transfer,25.611738980784196,192.92207877053946,0.8841860359986398,16.608222222222224,0.8653333333333333
BRAF,within_pool_similarity_perturbation,shared_hurdle,30.575067995220714,208.65009437995332,0.9176634403007291,15.486,0.9013333333333333
BRAF,within_pool_similarity_perturbation,shared_similarity_residual,31.535673605401914,222.58180582502993,0.9122394099366582,15.598,0.8933333333333333
BRAF,within_pool_similarity_perturbation,similarity_complete,34.817261731724166,237.58119153320837,0.9362002623410968,15.426888888888888,0.9213333333333333
BRAF,within_pool_similarity_perturbation,single_complete,41.80378449362579,294.7644675370231,0.8978965599989087,17.28622222222222,0.852
BRAF,within_pool_similarity_perturbation,uniform_complete,31.949201179475377,213.91217424665948,0.9379539026290848,15.360222222222221,0.9213333333333333
BRAF,within_pool_similarity_perturbation,uniform_hurdle,32.0221893956833,212.79074667991298,0.9375517954475913,15.313333333333333,0.92
MAN,donor_history_half,anchored_no_calibration_fixed,391.350560058815,2596.1609054249166,0.6300410855212423,136.18890761904763,0.5493333333333333
MAN,donor_history_half,anchored_no_contraction_refit,397.26207386713537,2595.271885659956,0.6074316181832802,137.32366095238095,0.49733333333333335
MAN,donor_history_half,factorized_no_contraction,395.1519787206173,2587.633303625087,0.6135132012865395,136.95854984126984,0.5133333333333333
MAN,donor_history_half,factorized_no_occurrence_calibration,392.13540278786996,2601.446616828629,0.6296014630378898,136.31240984126987,0.5533333333333333
MAN,donor_history_half,factorized_seed_20260930,392.5918393887654,2596.618938082761,0.6352817849757829,136.6454253968254,0.5573333333333333
MAN,donor_history_half,factorized_seed_20261011,396.2113356374692,2630.5702407747667,0.6144400003340464,138.5851042857143,0.5213333333333333
MAN,donor_history_half,factorized_seed_20261023,391.8661719799851,2601.31725637845,0.6109505200458567,135.39707206349206,0.5266666666666666
MAN,donor_history_half,factorized_seed_20261037,387.30691893124606,2592.7540290228076,0.6588426762771032,134.60108873015872,0.576
MAN,donor_history_half,factorized_seed_20261051,356.1567129593844,2443.2552682431756,0.7090902721278053,126.38625650793652,0.6226666666666667
MAN,donor_history_half,factorized_similarity_residual,380.80154088315476,2564.1630816446104,0.6696159938915859,133.67992206349206,0.5826666666666667
MAN,donor_history_half,factorized_transfer,381.3684535083634,2568.5504630515293,0.668963801743149,133.8139353968254,0.5826666666666667
MAN,donor_history_half,shared_hurdle,409.8360450307673,2623.43642461831,0.5343365764550078,140.32095761904762,0.46
MAN,donor_history_half,shared_similarity_residual,408.51113330105136,2620.076152530043,0.5390837293202996,140.0158153968254,0.4653333333333333
MAN,donor_history_half,similarity_complete,280.9978317900877,1953.8070596575014,0.8610264376413628,104.74945634920635,0.808
MAN,donor_history_half,single_complete,330.1161130791195,2154.708107459122,0.7376464393004452,121.23463523809525,0.6106666666666667
MAN,donor_history_half,uniform_complete,285.7305157853913,1983.37175754038,0.8564301746756716,106.23710746031746,0.8053333333333333
MAN,donor_history_half,uniform_hurdle,295.85882971518026,2111.318191830011,0.842271427671993,111.38576968253969,0.7866666666666666
MAN,metadata_e2e_high,anchored_no_calibration_fixed,404.76668204538487,2697.555085962433,0.6785457336570443,137.18209539682542,0.6026666666666667
MAN,metadata_e2e_high,anchored_no_contraction_refit,405.3797385670348,2689.371665346644,0.6792876281075932,136.58489317460317,0.596
MAN,metadata_e2e_high,factorized_no_contraction,403.7271201017722,2692.0329751539475,0.6841742506216207,136.23818095238096,0.6013333333333334
MAN,metadata_e2e_high,factorized_no_occurrence_calibration,403.5182131362453,2681.873262783545,0.6780400799935041,137.32842095238095,0.6013333333333334
MAN,metadata_e2e_high,factorized_seed_20260930,404.78630683003104,2698.848995347418,0.6811099062236755,137.02926206349207,0.6026666666666667
MAN,metadata_e2e_high,factorized_seed_20261011,405.86781838242615,2678.7956696467777,0.6685848581166705,137.76508873015874,0.588
MAN,metadata_e2e_high,factorized_seed_20261023,409.5047452661957,2701.4476963921593,0.6657258140617184,138.2590820634921,0.58
MAN,metadata_e2e_high,factorized_seed_20261037,405.3839805208539,2680.379190455153,0.6877958949949002,137.1352153968254,0.6146666666666667
MAN,metadata_e2e_high,factorized_seed_20261051,397.893210655337,2643.7137248294694,0.7294498734220386,130.48152206349206,0.6546666666666666
MAN,metadata_e2e_high,factorized_similarity_residual,402.7645373607951,2690.054132183564,0.6965346875274852,135.61524873015875,0.624
MAN,metadata_e2e_high,factorized_transfer,401.56204063484904,2678.269556460924,0.6963899337172521,135.68567761904762,0.6226666666666667
MAN,metadata_e2e_high,shared_hurdle,405.6834709891413,2668.161005047925,0.6678633731136258,137.57059095238097,0.5906666666666667
MAN,metadata_e2e_high,shared_similarity_residual,407.92964021833217,2691.4326554918016,0.6688713274608274,137.44709650793652,0.592
MAN,metadata_e2e_high,similarity_complete,404.97456121863945,2629.140822523078,0.8165982324328981,121.32249412698413,0.7613333333333333
MAN,metadata_e2e_high,single_complete,559.9755898826395,3994.7088607714504,0.7698855399830127,133.2824885714286,0.6853333333333333
MAN,metadata_e2e_high,uniform_complete,397.74128732792497,2564.605465526626,0.8151856548660465,121.47956412698414,0.7573333333333333
MAN,metadata_e2e_high,uniform_hurdle,395.6087972875372,2578.750167907753,0.8070297593090575,122.53194968253968,0.7546666666666667
MAN,metadata_e2e_low,anchored_no_calibration_fixed,398.7921474084441,2596.8811863840892,0.6561765128063757,135.51098206349207,0.568
MAN,metadata_e2e_low,anchored_no_contraction_refit,399.3380991875648,2591.603418040308,0.6556235782382224,135.24054317460318,0.5453333333333333
MAN,metadata_e2e_low,factorized_no_contraction,398.65586015417506,2589.245527387704,0.6583734888920693,134.87141317460316,0.5533333333333333
MAN,metadata_e2e_low,factorized_no_occurrence_calibration,399.44313346147055,2597.4237811017874,0.6560885324824534,135.5934542857143,0.5666666666666667
MAN,metadata_e2e_low,factorized_seed_20260930,399.4594830870219,2591.983475758681,0.6549493835858697,135.55020873015874,0.56
MAN,metadata_e2e_low,factorized_seed_20261011,407.1343748124661,2626.0959891567995,0.641553358653668,137.4801442857143,0.5426666666666666
MAN,metadata_e2e_low,factorized_seed_20261023,402.8671899024451,2625.1343173139644,0.6454567887244502,136.83925243386244,0.5386666666666666
MAN,metadata_e2e_low,factorized_seed_20261037,397.05844060820976,2590.6949137076717,0.6682248334420163,135.2576042857143,0.5693333333333334
MAN,metadata_e2e_low,factorized_seed_20261051,376.10825755217843,2496.565344539152,0.7162996742458553,126.44957539682541,0.616
MAN,metadata_e2e_low,factorized_similarity_residual,393.6037844523896,2570.8103341536485,0.6749556884594862,133.69512206349208,0.5733333333333334
MAN,metadata_e2e_low,factorized_transfer,393.673649949618,2571.145798679977,0.6749053989809699,133.7584842857143,0.572
MAN,metadata_e2e_low,shared_hurdle,418.27179626484474,2660.307029347023,0.6316864823805902,140.29960428571428,0.532
MAN,metadata_e2e_low,shared_similarity_residual,417.94981940543704,2655.9560455269875,0.633005456355005,140.08601761904762,0.5373333333333333
MAN,metadata_e2e_low,similarity_complete,336.87836006129737,2248.2329225564654,0.8212709099296985,111.89810502645503,0.7546666666666667
MAN,metadata_e2e_low,single_complete,373.4230390456392,2316.3961306826745,0.7212893365460127,125.48276317460316,0.596
MAN,metadata_e2e_low,uniform_complete,337.5218262240589,2250.754564250605,0.8211365627508208,112.08412650793652,0.756
MAN,metadata_e2e_low,uniform_hurdle,342.7836548098871,2277.9517226670205,0.8048269652634203,114.94036295238097,0.7346666666666667
MAN,none,anchored_no_calibration_fixed,344.46327065980876,2512.415504405414,0.5852245395508133,101.31754487253488,0.592
MAN,none,anchored_no_contraction_refit,345.2629149151364,2517.9022053920776,0.6013670430994517,101.1461978018278,0.58
MAN,none,factorized_no_contraction,344.57793439811303,2514.843672712884,0.6038835316167599,100.97195802068302,0.5833333333333334
MAN,none,factorized_no_occurrence_calibration,344.48107578173847,2513.6557272718014,0.5855906514293652,101.41746113516113,0.592
MAN,none,factorized_seed_20260930,345.2432639005899,2513.990877723741,0.594503567174328,101.38691593314093,0.578
MAN,none,factorized_seed_20261011,347.67721791031494,2525.2573900076854,0.5864468943053093,102.15261046176047,0.568
MAN,none,factorized_seed_20261023,346.79243118045713,2525.931518774632,0.5926697467542876,101.24255355940356,0.5766666666666667
MAN,none,factorized_seed_20261037,342.3732135261405,2513.6051028413526,0.6210150639953629,100.24733453583454,0.6126666666666667
MAN,none,factorized_seed_20261051,332.40242370040886,2455.593489959999,0.6482345677811558,94.56998125300625,0.65
MAN,none,factorized_similarity_residual,340.3134788135145,2497.888114367682,0.6145313010118643,99.55723061327562,0.616
MAN,none,factorized_transfer,340.3940394402019,2499.1863641735363,0.6150611834811996,99.66395308802308,0.6173333333333333
MAN,none,shared_hurdle,344.59550871161866,2507.465252498498,0.5999285084827732,101.3200014045214,0.6046666666666667
MAN,none,shared_similarity_residual,343.77045017393067,2500.1392268616114,0.6006783838163612,100.76340783549783,0.6106666666666667
MAN,none,similarity_complete,307.57183230096456,2275.5846036054527,0.7128961772889797,80.4766658946609,0.796
MAN,none,single_complete,330.5623102717611,2394.7888281606683,0.6392591041292804,92.33004258056758,0.636
MAN,none,uniform_complete,308.93043553117315,2286.694416074101,0.7120275811922964,81.46715136604136,0.792
MAN,none,uniform_hurdle,312.85498237997916,2323.861137617837,0.7023236394428738,85.67312623376624,0.7733333333333333
MAN,remove_top_similarity,anchored_no_calibration_fixed,381.6976746044022,2590.5048503686994,0.6716913039960379,135.57121317460317,0.5893333333333334
MAN,remove_top_similarity,anchored_no_contraction_refit,384.8934568562237,2587.6283495649673,0.6639828953161528,135.94027761904763,0.5733333333333334
MAN,remove_top_similarity,factorized_no_contraction,383.4012050121941,2582.6646762849214,0.6669071011709783,135.69573984126984,0.5733333333333334
MAN,remove_top_similarity,factorized_no_occurrence_calibration,381.58254875420386,2591.446331624158,0.6722777490385456,135.55523984126987,0.5933333333333334
MAN,remove_top_similarity,factorized_seed_20260930,385.7591745487269,2602.8814170630053,0.6613300363255883,136.44626206349207,0.572
MAN,remove_top_similarity,factorized_seed_20261011,389.7870864402949,2617.89310591799,0.6505845343168793,137.5184442857143,0.5706666666666667
MAN,remove_top_similarity,factorized_seed_20261023,385.0244899018938,2597.5794506760417,0.6643844614918928,135.5179865079365,0.5746666666666667
MAN,remove_top_similarity,factorized_seed_20261037,378.4063594726985,2581.0719816921496,0.6920118272299178,134.1351665079365,0.5986666666666667
MAN,remove_top_similarity,factorized_seed_20261051,352.59585840386495,2409.663310333543,0.7208667151372408,126.46216873015872,0.636
MAN,remove_top_similarity,factorized_similarity_residual,374.1578780145269,2560.909911233458,0.6932140684780959,133.4989442857143,0.608
MAN,remove_top_similarity,factorized_transfer,373.98470237918036,2562.1137240776975,0.6937267437505291,133.49678873015876,0.6093333333333333
MAN,remove_top_similarity,shared_hurdle,386.3561395805203,2617.4626387361395,0.6605694320395907,137.11338206349205,0.568
MAN,remove_top_similarity,shared_similarity_residual,385.91811182081295,2614.8593073441457,0.6612978988397737,137.0386731746032,0.5666666666666667
MAN,remove_top_similarity,similarity_complete,293.3480811347329,2046.6433819552697,0.8410976205982497,110.0330896825397,0.792
MAN,remove_top_similarity,single_complete,324.25096675161683,2058.194578116812,0.7274989972720566,108.83091825396825,0.6026666666666667
MAN,remove_top_similarity,uniform_complete,294.8723659634948,2056.4059375366214,0.8399914809711204,110.53146301587303,0.792
MAN,remove_top_similarity,uniform_hurdle,304.99553444498247,2149.179807095398,0.8271499505144838,114.79853761904762,0.7773333333333333
MAN,within_pool_similarity_perturbation,anchored_no_calibration_fixed,380.52684035041403,2580.548152777685,0.6726262063449207,135.24964428571428,0.5933333333333334
MAN,within_pool_similarity_perturbation,anchored_no_contraction_refit,384.61517015077436,2585.1888953069547,0.663566359095341,135.9538076190476,0.5733333333333334
MAN,within_pool_similarity_perturbation,factorized_no_contraction,383.2308077545687,2585.7464542071566,0.6682082871098213,135.8217065079365,0.5746666666666667
MAN,within_pool_similarity_perturbation,factorized_no_occurrence_calibration,380.4354511427769,2582.1680746730344,0.6735680249564033,135.26490206349206,0.5933333333333334
MAN,within_pool_similarity_perturbation,factorized_seed_20260930,381.9245231591213,2587.355797596542,0.6704510438829552,135.34757761904763,0.5733333333333334
MAN,within_pool_similarity_perturbation,factorized_seed_20261011,389.5079093307684,2602.3053990823964,0.648430210383937,136.9236131746032,0.556
MAN,within_pool_similarity_perturbation,factorized_seed_20261023,384.8334063403358,2584.047865830874,0.6633111294021359,135.8604153968254,0.5706666666666667
MAN,within_pool_similarity_perturbation,factorized_seed_20261037,377.9509509598134,2567.812209806198,0.6924480650339627,134.12420428571428,0.6053333333333333
MAN,within_pool_similarity_perturbation,factorized_seed_20261051,353.4276742148961,2434.0377036471978,0.7241476215484278,127.62491317460318,0.632
MAN,within_pool_similarity_perturbation,factorized_similarity_residual,371.8526640708434,2552.3785617635676,0.6959414862194293,133.22466428571428,0.6106666666666667
MAN,within_pool_similarity_perturbation,factorized_transfer,371.8662584831105,2554.032192338562,0.6964224538114103,133.22343761904762,0.608
MAN,within_pool_similarity_perturbation,shared_hurdle,383.07535323582414,2586.271688899207,0.6624326204022557,137.2952065079365,0.5746666666666667
MAN,within_pool_similarity_perturbation,shared_similarity_residual,381.4790406573137,2571.2345506638803,0.6634366505804675,136.82963317460317,0.5826666666666667
MAN,within_pool_similarity_perturbation,similarity_complete,293.55243428411217,2078.491523438692,0.8454062393916641,110.43831857142857,0.796
MAN,within_pool_similarity_perturbation,single_complete,357.8237444579616,2229.694922711242,0.7327366271248388,123.99966317460317,0.62
MAN,within_pool_similarity_perturbation,uniform_complete,293.97800787750543,2083.722366241031,0.843029910688502,111.0084807936508,0.7946666666666666
MAN,within_pool_similarity_perturbation,uniform_hurdle,304.2487547448332,2169.3357411871357,0.8291097229314963,114.78574968253969,0.7786666666666666
