dataset,method,rows,targets,mean_cost,service,tail_cost,label
BRAF,anchored_no_calibration_fixed,13500,250,23.05978180923533,0.7995853584445127,187.43121734456707,"Similarity-anchored, no calibration (fixed)"
BRAF,anchored_no_contraction_refit,13500,250,22.84973093370262,0.8017041968311104,186.10106428043358,"Similarity-anchored, no contraction (refit)"
BRAF,factorized_no_contraction,13500,250,23.438677061980922,0.8004968109821684,191.84778063999087,"Original factorized, no contraction (refit)"
BRAF,factorized_no_occurrence_calibration,13500,250,22.997059618071162,0.7981236501297057,186.85345092115313,"Original factorized, no calibration (fixed)"
BRAF,factorized_similarity_residual,13500,250,23.1385283170309,0.8061296232016607,186.92014908775258,Similarity-anchored factorized
BRAF,factorized_transfer,13500,250,23.11663421647831,0.8062984538798318,186.7648476873125,Original factorized
BRAF,global_quantile,13500,250,24.070891101866774,0.830005654926848,184.66581709436065,Rolling global quantile
BRAF,shared_hurdle,13500,250,24.38448681372352,0.819112400333556,189.72784353560047,Shared hurdle
BRAF,shared_similarity_residual,13500,250,24.570944169793787,0.8181188097301478,191.73608510151112,Similarity-anchored shared
BRAF,similarity_complete,13500,250,25.960499409896926,0.8272196734239984,202.45910870595966,Complete similarity
BRAF,single_complete,13500,250,28.987539830435193,0.8146279687188537,230.23230210659472,Single donor
BRAF,uniform_complete,13500,250,25.195850689915147,0.8277730206379007,195.20410068656577,Complete uniform
BRAF,zig_mc_catboost_adapted,13500,250,22.629143820746,0.8165478097531643,178.3240753773595,Adapted ZIG--MC CatBoost
MAN,anchored_no_calibration_fixed,13500,250,344.46327065980876,0.5852245395508133,2512.415504405414,"Similarity-anchored, no calibration (fixed)"
MAN,anchored_no_contraction_refit,13500,250,345.2629149151364,0.6013670430994517,2517.9022053920776,"Similarity-anchored, no contraction (refit)"
MAN,factorized_no_contraction,13500,250,344.57793439811303,0.6038835316167599,2514.843672712884,"Original factorized, no contraction (refit)"
MAN,factorized_no_occurrence_calibration,13500,250,344.48107578173847,0.5855906514293652,2513.6557272718014,"Original factorized, no calibration (fixed)"
MAN,factorized_similarity_residual,13500,250,340.3134788135145,0.6145313010118643,2497.888114367682,Similarity-anchored factorized
MAN,factorized_transfer,13500,250,340.3940394402019,0.6150611834811996,2499.1863641735363,Original factorized
MAN,global_quantile,13500,250,329.1477057144728,0.7123581624861794,2369.4097245310645,Rolling global quantile
MAN,shared_hurdle,13500,250,344.59550871161866,0.5999285084827732,2507.465252498498,Shared hurdle
MAN,shared_similarity_residual,13500,250,343.77045017393067,0.6006783838163612,2500.1392268616114,Similarity-anchored shared
MAN,similarity_complete,13500,250,307.57183230096456,0.7128961772889797,2275.5846036054527,Complete similarity
MAN,single_complete,13500,250,330.5623102717611,0.6392591041292804,2394.7888281606683,Single donor
MAN,uniform_complete,13500,250,308.93043553117315,0.7120275811922964,2286.694416074101,Complete uniform
MAN,zig_mc_catboost_adapted,13500,250,343.5846704333793,0.6703812789057368,2522.5285742068827,Adapted ZIG--MC CatBoost
