dataset,perturbation,method,rows,clean_cost,perturbed_cost,cost_change,perturbed_service,donor_overlap
BRAF,donor_history_half,factorized_similarity_residual,750,25.196924594692362,28.614698893967798,3.417774299275434,0.8464858056648434,1.0
BRAF,donor_history_half,factorized_transfer,750,25.470729674328876,27.824990320847995,2.354260646519123,0.8481448569095938,1.0
BRAF,donor_history_half,shared_similarity_residual,750,30.59464982954608,32.2967980970546,1.7021482675085227,0.8320918857534128,1.0
BRAF,donor_history_half,similarity_complete,750,33.21934295767701,32.96506095783047,-0.25428199984653693,0.9357856943728222,1.0
BRAF,donor_history_half,uniform_complete,750,31.949201179475377,31.881335306433403,-0.06786587304197228,0.9362984363472255,1.0
BRAF,metadata_e2e_high,factorized_similarity_residual,750,25.196924594692362,26.48026948162277,1.2833448869304045,0.8563985825005677,0.1276
BRAF,metadata_e2e_high,factorized_transfer,750,25.470729674328876,26.459812380106772,0.9890827057778949,0.8572991977569648,0.1276
BRAF,metadata_e2e_high,shared_similarity_residual,750,30.59464982954608,43.44182402139718,12.8471741918511,0.8923393854037553,0.1276
BRAF,metadata_e2e_high,similarity_complete,750,33.21934295767701,32.09402532145089,-1.125317636226117,0.9111930489301856,0.1276
BRAF,metadata_e2e_high,uniform_complete,750,31.949201179475377,31.420486654170368,-0.5287145253050082,0.9143569462781549,0.1276
BRAF,metadata_e2e_low,factorized_similarity_residual,750,25.196924594692362,23.540689751937474,-1.6562348427548865,0.8783382718056757,0.198
BRAF,metadata_e2e_low,factorized_transfer,750,25.470729674328876,23.31512389972267,-2.1556057746062023,0.8792844936682127,0.198
BRAF,metadata_e2e_low,shared_similarity_residual,750,30.59464982954608,55.73518076885133,25.14053093930525,0.9107406224503994,0.198
BRAF,metadata_e2e_low,similarity_complete,750,33.21934295767701,27.722548105275852,-5.496794852401153,0.9251781668921579,0.198
BRAF,metadata_e2e_low,uniform_complete,750,31.949201179475377,27.23401966523069,-4.715181514244687,0.9313823211884992,0.198
BRAF,remove_top_similarity,factorized_similarity_residual,750,25.196924594692362,26.03335714207417,0.8364325473818061,0.880673645242284,1.0
BRAF,remove_top_similarity,factorized_transfer,750,25.470729674328876,25.861655694037953,0.3909260197090775,0.8816997856085697,1.0
BRAF,remove_top_similarity,shared_similarity_residual,750,30.59464982954608,29.97295300733336,-0.6216968222127222,0.9063976792492702,1.0
BRAF,remove_top_similarity,similarity_complete,750,33.21934295767701,35.59083227553247,2.37148931785546,0.9325271718360042,1.0
BRAF,remove_top_similarity,uniform_complete,750,31.949201179475377,32.216258256875705,0.2670570774003309,0.9358590120736282,1.0
BRAF,within_pool_similarity_perturbation,factorized_similarity_residual,750,25.196924594692362,25.46672656121543,0.2698019665230689,0.8882218232293875,1.0
BRAF,within_pool_similarity_perturbation,factorized_transfer,750,25.470729674328876,25.611738980784196,0.14100930645532567,0.8841860359986398,1.0
BRAF,within_pool_similarity_perturbation,shared_similarity_residual,750,30.59464982954608,31.535673605401914,0.9410237758558322,0.9122394099366582,1.0
BRAF,within_pool_similarity_perturbation,similarity_complete,750,33.21934295767701,34.817261731724166,1.5979187740471577,0.9362002623410968,1.0
BRAF,within_pool_similarity_perturbation,uniform_complete,750,31.949201179475377,31.949201179475377,0.0,0.9379539026290848,1.0
MAN,donor_history_half,factorized_similarity_residual,750,370.04474248508285,380.80154088315476,10.756798398071924,0.6696159938915859,1.0
MAN,donor_history_half,factorized_transfer,750,369.93783015939766,381.3684535083634,11.430623348965758,0.668963801743149,1.0
MAN,donor_history_half,shared_similarity_residual,750,378.59185995281524,408.51113330105136,29.919273348236104,0.5390837293202996,1.0
MAN,donor_history_half,similarity_complete,750,290.8836103454391,280.9978317900877,-9.885778555351393,0.8610264376413628,1.0
MAN,donor_history_half,uniform_complete,750,293.97800787750543,285.7305157853913,-8.24749209211413,0.8564301746756716,1.0
MAN,metadata_e2e_high,factorized_similarity_residual,750,370.04474248508285,402.7645373607951,32.71979487571224,0.6965346875274852,0.17240000000000003
MAN,metadata_e2e_high,factorized_transfer,750,369.93783015939766,401.56204063484904,31.62421047545134,0.6963899337172521,0.17240000000000003
MAN,metadata_e2e_high,shared_similarity_residual,750,378.59185995281524,407.92964021833217,29.337780265516898,0.6688713274608274,0.17240000000000003
MAN,metadata_e2e_high,similarity_complete,750,290.8836103454391,404.97456121863945,114.09095087320043,0.8165982324328981,0.17240000000000003
MAN,metadata_e2e_high,uniform_complete,750,293.97800787750543,397.74128732792497,103.76327945041955,0.8151856548660465,0.17240000000000003
MAN,metadata_e2e_low,factorized_similarity_residual,750,370.04474248508285,393.6037844523896,23.559041967306772,0.6749556884594862,0.27240000000000003
MAN,metadata_e2e_low,factorized_transfer,750,369.93783015939766,393.673649949618,23.73581979022033,0.6749053989809699,0.27240000000000003
MAN,metadata_e2e_low,shared_similarity_residual,750,378.59185995281524,417.94981940543704,39.3579594526218,0.633005456355005,0.27240000000000003
MAN,metadata_e2e_low,similarity_complete,750,290.8836103454391,336.87836006129737,45.994749715858326,0.8212709099296985,0.27240000000000003
MAN,metadata_e2e_low,uniform_complete,750,293.97800787750543,337.5218262240589,43.54381834655346,0.8211365627508208,0.27240000000000003
MAN,remove_top_similarity,factorized_similarity_residual,750,370.04474248508285,374.1578780145269,4.1131355294440155,0.6932140684780959,1.0
MAN,remove_top_similarity,factorized_transfer,750,369.93783015939766,373.98470237918036,4.046872219782648,0.6937267437505291,1.0
MAN,remove_top_similarity,shared_similarity_residual,750,378.59185995281524,385.91811182081295,7.326251867997744,0.6612978988397737,1.0
MAN,remove_top_similarity,similarity_complete,750,290.8836103454391,293.3480811347329,2.4644707892938884,0.8410976205982497,1.0
MAN,remove_top_similarity,uniform_complete,750,293.97800787750543,294.8723659634948,0.8943580859894099,0.8399914809711204,1.0
MAN,within_pool_similarity_perturbation,factorized_similarity_residual,750,370.04474248508285,371.8526640708434,1.8079215857605595,0.6959414862194293,1.0
MAN,within_pool_similarity_perturbation,factorized_transfer,750,369.93783015939766,371.8662584831105,1.9284283237128657,0.6964224538114103,1.0
MAN,within_pool_similarity_perturbation,shared_similarity_residual,750,378.59185995281524,381.4790406573137,2.8871807044984705,0.6634366505804675,1.0
MAN,within_pool_similarity_perturbation,similarity_complete,750,290.8836103454391,293.55243428411217,2.6688239386731243,0.8454062393916641,1.0
MAN,within_pool_similarity_perturbation,uniform_complete,750,293.97800787750543,293.97800787750543,0.0,0.843029910688502,1.0
