dataset,cutoff,seed,policy,selected_candidate,occurrence_logit_shift,confirmation_policy_loss,theta_0,theta_1,theta_2,theta_3,theta_4,theta_5,theta_6,theta_7,theta_8,theta_9
BRAF,48,20260930,factorized_transfer,53,1.5,18.41171494205746,-0.28337312012358334,0.19445403796662986,-1.220907035393313,1.3783031433736739,0.46443002417422125,-1.279830725953989,-0.03372721082392354,0.15290780627484882,0.21092146009301943,1.548143957250824
BRAF,48,20260930,shared_hurdle,11,1.5,17.915299698592406,-0.2570952185439732,-1.647386310723903,-0.13933597459763855,-1.1491723989725522,1.671327650228534,0.6177828408301376,-0.22485950002127134,0.3287041387384824,1.6325237285586316,0.7853035410775392
BRAF,48,20260930,factorized_no_contraction,75,1.5,11.674454041431273,0.6476080799338664,-0.7652734205134827,-0.6267521464140406,0.2133477925635976,0.33422656606138335,-1.8982989187500507,-0.0088508907088527,0.20088434954176454,0.1876734979557821,0.32562125856713797
BRAF,48,20260930,factorized_similarity_residual,46,1.0,12.495195655226144,-0.7071399239271132,0.978908085134777,-0.39472155929039565,-0.6591739351750288,-0.30656620483674824,-1.2365545701925384,0.46710344217582467,1.2757857952804725,-0.36266476269981474,1.2045664077919924
BRAF,48,20260930,shared_similarity_residual,11,1.5,19.078382782434247,-0.2570952185439732,-1.647386310723903,-0.13933597459763855,-1.1491723989725522,1.671327650228534,0.6177828408301376,-0.22485950002127134,0.3287041387384824,1.6325237285586316,0.7853035410775392
BRAF,48,20260930,anchored_no_contraction_refit,75,1.5,11.822240505423157,0.6476080799338664,-0.7652734205134827,-0.6267521464140406,0.2133477925635976,0.33422656606138335,-1.8982989187500507,-0.0088508907088527,0.20088434954176454,0.1876734979557821,0.32562125856713797
BRAF,48,20261011,factorized_transfer,90,-0.25,13.477441019234245,-0.558451405992813,-0.1985541048317653,-1.230874431488106,0.4009047616100134,-0.9701993483522338,-1.5469872182148658,-0.5979830369698049,1.5788970896512007,1.0657909428479897,1.814613677365679
BRAF,48,20261011,shared_hurdle,13,-0.25,12.704993340763243,-0.18341263348237147,-1.6615099157649234,-0.010302014901056155,0.38485800632779255,0.2128610556770345,-0.902738691695081,-0.84605701448394,0.6051703751230372,-0.8176593131326126,0.35304794643428977
BRAF,48,20261011,factorized_no_contraction,90,-0.25,12.883974609019432,-0.558451405992813,-0.1985541048317653,-1.230874431488106,0.4009047616100134,-0.9701993483522338,-1.5469872182148658,-0.5979830369698049,1.5788970896512007,1.0657909428479897,1.814613677365679
BRAF,48,20261011,factorized_similarity_residual,90,-0.5,12.916244971344474,-0.558451405992813,-0.1985541048317653,-1.230874431488106,0.4009047616100134,-0.9701993483522338,-1.5469872182148658,-0.5979830369698049,1.5788970896512007,1.0657909428479897,1.814613677365679
BRAF,48,20261011,shared_similarity_residual,33,-0.5,13.778196029219291,-0.6971236240288587,-1.5127061254307816,-0.6776259528176555,-1.0604916152719708,1.101978805542121,-0.5845665822743936,-0.03483294341749574,0.38174459236451846,-0.44164054397370855,0.3974339435329235
BRAF,48,20261011,anchored_no_contraction_refit,90,-0.5,12.438056759856247,-0.558451405992813,-0.1985541048317653,-1.230874431488106,0.4009047616100134,-0.9701993483522338,-1.5469872182148658,-0.5979830369698049,1.5788970896512007,1.0657909428479897,1.814613677365679
BRAF,48,20261023,factorized_transfer,95,0.5,9.974420590264348,0.47302908198745464,-1.2595553652875107,-0.3746812913829187,-0.07725690186240575,-0.6932046855677059,-0.9264462635219277,0.7324829261964657,0.6230810830544606,0.42075873128736013,1.3776516508075538
BRAF,48,20261023,shared_hurdle,24,0.5,10.862645245710803,-1.5531960233535098,-1.8676572328290224,-0.4457052717000391,0.26656350120344247,0.381060186214581,0.21868871106923438,-0.8971976111301907,0.4767984398217395,-0.547814773002817,1.4273363340470926
BRAF,48,20261023,factorized_no_contraction,42,0.5,9.032558809725046,-0.7055992461177817,-0.5051849172010495,-0.41446373622259886,0.03709066511406927,-0.8744282899995048,-1.6689655725544892,0.1759099280060572,0.765633053248207,0.11575185921566991,0.3837906297841737
BRAF,48,20261023,factorized_similarity_residual,95,0.5,10.076391714158076,0.47302908198745464,-1.2595553652875107,-0.3746812913829187,-0.07725690186240575,-0.6932046855677059,-0.9264462635219277,0.7324829261964657,0.6230810830544606,0.42075873128736013,1.3776516508075538
BRAF,48,20261023,shared_similarity_residual,24,0.5,10.84931713005229,-1.5531960233535098,-1.8676572328290224,-0.4457052717000391,0.26656350120344247,0.381060186214581,0.21868871106923438,-0.8971976111301907,0.4767984398217395,-0.547814773002817,1.4273363340470926
BRAF,48,20261023,anchored_no_contraction_refit,42,0.5,8.973492486149917,-0.7055992461177817,-0.5051849172010495,-0.41446373622259886,0.03709066511406927,-0.8744282899995048,-1.6689655725544892,0.1759099280060572,0.765633053248207,0.11575185921566991,0.3837906297841737
BRAF,48,20261037,factorized_transfer,7,0.5,3.682425283842874,0.5578929763189617,-0.2015119324397323,-0.8286112052663303,-1.4183800299142215,-1.5215968051528244,-1.1386306033635147,-0.8017854520343708,0.14883994047767757,-1.3032354607409276,0.20364559914611893
BRAF,48,20261037,shared_hurdle,59,0.75,4.230315805572953,-1.1335764226479632,-1.157417034173345,-1.0451905545180218,0.9799099277776675,0.7769043909751959,0.8504117416580717,0.5901208853109913,1.9514730422430908,0.12831811984062866,0.5775507806573208
BRAF,48,20261037,factorized_no_contraction,61,0.75,4.033837894056579,0.013761716559025864,0.21834483400848015,-2.2450491192360142,-1.0116435549399183,-0.3969833872877254,-0.7683304469283003,-0.491887706932288,0.1891601255449524,0.40482529420580904,0.7769527188512254
BRAF,48,20261037,factorized_similarity_residual,7,0.5,3.670647097136043,0.5578929763189617,-0.2015119324397323,-0.8286112052663303,-1.4183800299142215,-1.5215968051528244,-1.1386306033635147,-0.8017854520343708,0.14883994047767757,-1.3032354607409276,0.20364559914611893
BRAF,48,20261037,shared_similarity_residual,59,0.75,4.595272220051613,-1.1335764226479632,-1.157417034173345,-1.0451905545180218,0.9799099277776675,0.7769043909751959,0.8504117416580717,0.5901208853109913,1.9514730422430908,0.12831811984062866,0.5775507806573208
BRAF,48,20261037,anchored_no_contraction_refit,61,0.75,4.68558078621184,0.013761716559025864,0.21834483400848015,-2.2450491192360142,-1.0116435549399183,-0.3969833872877254,-0.7683304469283003,-0.491887706932288,0.1891601255449524,0.40482529420580904,0.7769527188512254
BRAF,48,20261051,factorized_transfer,27,0.25,16.119446411559505,0.35228387033535724,-2.172219982172811,-0.2114553950995257,0.7003122979037211,-0.08350780468581114,-1.7195683920241984,-1.8318326133921987,0.09441825033056096,-0.8878545688903643,1.985918763747761
BRAF,48,20261051,shared_hurdle,99,0.25,26.903380962058495,0.7467721523035716,-2.113016668253202,0.4420047999854772,-0.030842620442955472,1.3413722955152012,-1.0278658576708437,0.6011856998800146,0.9772632557247969,2.0613572617720055,1.6029120278392144
BRAF,48,20261051,factorized_no_contraction,27,0.5,16.238570102371245,0.35228387033535724,-2.172219982172811,-0.2114553950995257,0.7003122979037211,-0.08350780468581114,-1.7195683920241984,-1.8318326133921987,0.09441825033056096,-0.8878545688903643,1.985918763747761
BRAF,48,20261051,factorized_similarity_residual,27,0.25,16.320954135808364,0.35228387033535724,-2.172219982172811,-0.2114553950995257,0.7003122979037211,-0.08350780468581114,-1.7195683920241984,-1.8318326133921987,0.09441825033056096,-0.8878545688903643,1.985918763747761
BRAF,48,20261051,shared_similarity_residual,27,0.25,24.491690727284077,0.35228387033535724,-2.172219982172811,-0.2114553950995257,0.7003122979037211,-0.08350780468581114,-1.7195683920241984,-1.8318326133921987,0.09441825033056096,-0.8878545688903643,1.985918763747761
BRAF,48,20261051,anchored_no_contraction_refit,55,0.25,21.279065048328288,0.5147358018451137,-0.5169062445885589,-1.9058429185853976,0.5813496403250022,-1.1923309800080333,-0.8867076965590286,0.03407018199849185,1.3373587592208795,-0.8679778258407413,0.48589685644353287
BRAF,54,20260930,factorized_transfer,27,0.5,9.55514828732266,0.46247307862964676,-1.941187247173443,-0.9863110301035495,0.36297873539311115,1.1855901878522785,-0.7096100743273622,-0.5113227997468418,0.2605554351979591,-1.0111978931042411,1.089878165433007
BRAF,54,20260930,shared_hurdle,17,0.25,8.906264742574491,-1.7383485042033457,0.4202682140404715,-2.474802257733804,-1.3568943578672372,0.8995472994458343,-0.3907685742020744,0.8627589915800405,0.15836878504930618,-1.3994414791668754,1.2335400028606938
BRAF,54,20260930,factorized_no_contraction,79,0.5,8.157893072247784,-0.3614027671384541,-0.3090488652822601,-1.2579476617935546,-0.2053851895686714,-0.8017953491141194,-1.7774198163462072,-0.34578282251671905,0.3682382114778804,1.1946374261519552,0.04027776349150429
BRAF,54,20260930,factorized_similarity_residual,27,0.5,9.534253214445673,0.46247307862964676,-1.941187247173443,-0.9863110301035495,0.36297873539311115,1.1855901878522785,-0.7096100743273622,-0.5113227997468418,0.2605554351979591,-1.0111978931042411,1.089878165433007
BRAF,54,20260930,shared_similarity_residual,17,0.25,8.949382798075384,-1.7383485042033457,0.4202682140404715,-2.474802257733804,-1.3568943578672372,0.8995472994458343,-0.3907685742020744,0.8627589915800405,0.15836878504930618,-1.3994414791668754,1.2335400028606938
BRAF,54,20260930,anchored_no_contraction_refit,26,0.5,9.102287750836547,-0.19918649761944426,-1.3156768130769854,-0.19396429674507565,0.9034789433563701,-0.3707604508289549,-1.166190325147295,-1.303708968588819,0.7921480344247089,0.9810633672848312,0.07400272565933184
BRAF,54,20261011,factorized_transfer,7,0.25,9.347728457688707,-0.9264684592890768,-1.2437986744278375,-0.6684589423172429,0.02603304402164788,-1.707144717205781,-1.0181450399985812,-1.3878330418300902,1.737894913791349,-1.1933543368995552,1.2876415328839543
BRAF,54,20261011,shared_hurdle,30,0.0,11.775950715456723,-0.944574267479283,-0.8683472615338828,-0.1355230638362313,1.214721067173622,-1.293027924923215,-1.1644003597423846,0.5714532901398539,0.8349800686800999,1.8415329867774162,0.3034872463920267
BRAF,54,20261011,factorized_no_contraction,42,0.25,9.153068356327383,0.7268617349002723,-0.2750017049060027,-1.3606781439801523,0.2841189343185686,0.3413358246693295,-1.808603171451848,0.5751114405021105,0.10180512645468265,-0.25719756885679196,0.231093372980136
BRAF,54,20261011,factorized_similarity_residual,7,0.25,9.354815921008626,-0.9264684592890768,-1.2437986744278375,-0.6684589423172429,0.02603304402164788,-1.707144717205781,-1.0181450399985812,-1.3878330418300902,1.737894913791349,-1.1933543368995552,1.2876415328839543
BRAF,54,20261011,shared_similarity_residual,35,0.0,11.529120342508387,-1.2559251702835894,-0.23841816771549718,-0.9086842201079819,-0.9746800813403464,0.5956722450746603,-1.0359948662078802,-0.3772975441098903,1.4458818981370505,0.36399962128068397,0.20234010727440752
BRAF,54,20261011,anchored_no_contraction_refit,42,0.25,10.450864924596052,0.7268617349002723,-0.2750017049060027,-1.3606781439801523,0.2841189343185686,0.3413358246693295,-1.808603171451848,0.5751114405021105,0.10180512645468265,-0.25719756885679196,0.231093372980136
BRAF,54,20261023,factorized_transfer,19,-1.0,10.387831113513625,-1.3538210774757407,-0.0291308324530105,-0.3902385286219976,0.11058903830181466,-0.7278433592386039,-0.5692926112566435,0.10341941738225915,0.9677522376565927,-1.9224744224937222,0.9865273998163442
BRAF,54,20261023,shared_hurdle,90,-0.75,7.988999398261647,-2.039375691861641,-1.3174956063334078,-0.12863475009840622,-0.3442339152349087,0.048844216744578395,-0.18922707647471626,-1.5768989425890352,0.4163582264106424,-0.6399660754816714,1.5384435058364354
BRAF,54,20261023,factorized_no_contraction,94,-1.0,10.145053180531056,-0.5064726565136709,0.15481136265487017,-0.7900200214211033,0.7089553813495654,-0.2264252168738976,-1.9847568573650656,0.05538138433870048,1.24212419890332,1.5256486321465372,0.7903349888014639
BRAF,54,20261023,factorized_similarity_residual,87,-0.75,7.021683044525878,-0.20449749680548415,-1.81646783335891,-0.10580526417199475,-1.1380071979673632,0.11236237284618156,-0.9443257109813676,0.8900744388186865,0.8367390923316496,-0.577890421636299,0.06910744321441295
BRAF,54,20261023,shared_similarity_residual,90,-0.75,7.785312842798838,-2.039375691861641,-1.3174956063334078,-0.12863475009840622,-0.3442339152349087,0.048844216744578395,-0.18922707647471626,-1.5768989425890352,0.4163582264106424,-0.6399660754816714,1.5384435058364354
BRAF,54,20261023,anchored_no_contraction_refit,87,-0.75,10.318238520377129,-0.20449749680548415,-1.81646783335891,-0.10580526417199475,-1.1380071979673632,0.11236237284618156,-0.9443257109813676,0.8900744388186865,0.8367390923316496,-0.577890421636299,0.06910744321441295
BRAF,54,20261037,factorized_transfer,71,0.25,4.345915844342499,0.611651057077115,-0.4995959825641631,-0.3574120192888189,-0.5524309453950433,-0.08160228959196648,-2.3177962641438024,-1.4144712652117706,1.4270839476517265,-1.0454701058871854,0.8473103980548192
BRAF,54,20261037,shared_hurdle,72,0.0,7.678713868811225,0.14436089627926227,-0.012945651181021454,-0.037898159392116014,-1.030141667345257,-1.4095950706537728,-0.006134212282747083,-0.5571430140455088,0.9691323671101032,0.6470815857148766,0.9229282040025194
BRAF,54,20261037,factorized_no_contraction,71,0.25,4.156045140316792,0.611651057077115,-0.4995959825641631,-0.3574120192888189,-0.5524309453950433,-0.08160228959196648,-2.3177962641438024,-1.4144712652117706,1.4270839476517265,-1.0454701058871854,0.8473103980548192
BRAF,54,20261037,factorized_similarity_residual,71,0.25,4.391615490926954,0.611651057077115,-0.4995959825641631,-0.3574120192888189,-0.5524309453950433,-0.08160228959196648,-2.3177962641438024,-1.4144712652117706,1.4270839476517265,-1.0454701058871854,0.8473103980548192
BRAF,54,20261037,shared_similarity_residual,93,0.0,7.365705541741966,-0.9551675543686063,-0.13991595118774336,-1.1724994205727177,0.310879360275964,0.5093577716587191,-0.7867265665853597,1.2360093470335585,0.020255476522219568,0.28988471901429735,0.13183240940648916
BRAF,54,20261037,anchored_no_contraction_refit,71,0.25,4.165756847046215,0.611651057077115,-0.4995959825641631,-0.3574120192888189,-0.5524309453950433,-0.08160228959196648,-2.3177962641438024,-1.4144712652117706,1.4270839476517265,-1.0454701058871854,0.8473103980548192
BRAF,54,20261051,factorized_transfer,62,-0.5,8.253277637641748,-1.3788610804714228,0.20293478769657264,-0.4552916528734143,-0.5212813291294717,-1.0623698279163452,-1.0183933386902593,-1.786448740014876,0.23435618964575458,0.10733577283704787,1.3114829631503293
BRAF,54,20261051,shared_hurdle,18,-0.5,9.36535766069842,0.2011019003960628,0.13384208091934555,-0.38685233579189937,1.2383163594263404,0.38557461161458295,0.7059116814518945,0.1693857160001757,0.6716783618330641,-0.13770101202670174,0.4496892320235241
BRAF,54,20261051,factorized_no_contraction,55,-0.25,8.084409705360573,1.4245732896634273,-1.3019908727449807,0.7753131484006412,-0.5010433370009095,-0.8767439812789921,-0.9518023758460166,-1.0989325131417977,1.070207914094181,-1.4713744945577345,0.40025199825105384
BRAF,54,20261051,factorized_similarity_residual,62,-0.5,8.405191025844708,-1.3788610804714228,0.20293478769657264,-0.4552916528734143,-0.5212813291294717,-1.0623698279163452,-1.0183933386902593,-1.786448740014876,0.23435618964575458,0.10733577283704787,1.3114829631503293
BRAF,54,20261051,shared_similarity_residual,19,-0.25,11.291995547877171,-0.22170999294399324,0.2432171012737986,-0.7831244219190626,0.310157828639696,0.054330907912155516,-0.23450453677251226,0.2471860783779735,0.5924054721185041,-0.0164190563276301,0.8044062795204359
BRAF,54,20261051,anchored_no_contraction_refit,62,-0.5,8.692787659904173,-1.3788610804714228,0.20293478769657264,-0.4552916528734143,-0.5212813291294717,-1.0623698279163452,-1.0183933386902593,-1.786448740014876,0.23435618964575458,0.10733577283704787,1.3114829631503293
BRAF,60,20260930,factorized_transfer,16,0.25,7.058448180942258,0.1755138791965061,-0.9432885824987797,-0.5156932112071883,-0.5302224121208406,-0.1171957872548844,-0.9730533098707833,0.763233610716888,1.2618595940160227,-0.7116568122166129,0.8092082576126777
BRAF,60,20260930,shared_hurdle,91,0.0,8.926397234524588,-0.0013284778238817929,-0.08304900364899792,-1.0998163626923385,0.24556368789024932,0.07786072905435969,-0.062445589145694105,0.7657835374995381,0.8267918473094863,0.6152340651653916,0.10443399021259075
BRAF,60,20260930,factorized_no_contraction,16,0.25,6.797622776075449,0.1755138791965061,-0.9432885824987797,-0.5156932112071883,-0.5302224121208406,-0.1171957872548844,-0.9730533098707833,0.763233610716888,1.2618595940160227,-0.7116568122166129,0.8092082576126777
BRAF,60,20260930,factorized_similarity_residual,16,0.25,7.119601794837005,0.1755138791965061,-0.9432885824987797,-0.5156932112071883,-0.5302224121208406,-0.1171957872548844,-0.9730533098707833,0.763233610716888,1.2618595940160227,-0.7116568122166129,0.8092082576126777
BRAF,60,20260930,shared_similarity_residual,91,0.0,9.084174623328462,-0.0013284778238817929,-0.08304900364899792,-1.0998163626923385,0.24556368789024932,0.07786072905435969,-0.062445589145694105,0.7657835374995381,0.8267918473094863,0.6152340651653916,0.10443399021259075
BRAF,60,20260930,anchored_no_contraction_refit,54,0.25,4.916752815667696,-0.6610155832899176,-1.0971964774178504,-0.34962680391517775,-0.13910326652567798,-1.0943689170026387,-1.5465729196141476,0.9718657371279857,0.23916703992138802,1.0697661156201397,0.9724595391258793
BRAF,60,20261011,factorized_transfer,95,0.25,6.384496388192628,0.47302908198745464,-1.2595553652875107,-0.3746812913829187,-0.07725690186240575,-0.6932046855677059,-0.9264462635219277,0.7324829261964657,0.6230810830544606,0.42075873128736013,1.3776516508075538
BRAF,60,20261011,shared_hurdle,26,0.25,8.79069532027088,-0.8383959779277737,-0.24550772291123427,-1.8095999154890283,1.2152316639612282,-0.5634918851168016,0.08738488617879227,0.3768750263661215,1.5636898287946137,-0.053120387965407495,0.8049867017634137
BRAF,60,20261011,factorized_no_contraction,42,0.25,5.613387769880785,-0.7055992461177817,-0.5051849172010495,-0.41446373622259886,0.03709066511406927,-0.8744282899995048,-1.6689655725544892,0.1759099280060572,0.765633053248207,0.11575185921566991,0.3837906297841737
BRAF,60,20261011,factorized_similarity_residual,95,0.25,6.737283891291001,0.47302908198745464,-1.2595553652875107,-0.3746812913829187,-0.07725690186240575,-0.6932046855677059,-0.9264462635219277,0.7324829261964657,0.6230810830544606,0.42075873128736013,1.3776516508075538
BRAF,60,20261011,shared_similarity_residual,26,0.25,9.486795036841746,-0.8383959779277737,-0.24550772291123427,-1.8095999154890283,1.2152316639612282,-0.5634918851168016,0.08738488617879227,0.3768750263661215,1.5636898287946137,-0.053120387965407495,0.8049867017634137
BRAF,60,20261011,anchored_no_contraction_refit,42,0.25,6.434256253866658,-0.7055992461177817,-0.5051849172010495,-0.41446373622259886,0.03709066511406927,-0.8744282899995048,-1.6689655725544892,0.1759099280060572,0.765633053248207,0.11575185921566991,0.3837906297841737
BRAF,60,20261023,factorized_transfer,36,0.25,5.799418595858497,0.07169132457821953,0.21089583524286298,-0.5365477856381372,0.31270580244042034,-0.36198535871497267,-2.005276870874567,-0.3370194388427368,0.6722532205203062,-1.5682756599121506,1.2842097956294303
BRAF,60,20261023,shared_hurdle,70,0.5,8.463138763706171,-0.06068161108927409,-1.8592528817260332,-0.31890658839493913,-0.3872558581724598,-1.0073531503781286,1.0663129953090063,0.5434495899248445,1.2348057568894029,0.1007078619523286,0.040351569395542825
BRAF,60,20261023,factorized_no_contraction,52,0.25,6.96210983818617,-0.3674315779125881,-0.1814841723057654,-0.5266237010783157,-1.859400678685775,0.9719624012263473,-1.4137293645760522,0.5375275683182593,1.0869851750728496,0.8176530564513931,0.7282625084413104
BRAF,60,20261023,factorized_similarity_residual,36,0.25,5.687317084394545,0.07169132457821953,0.21089583524286298,-0.5365477856381372,0.31270580244042034,-0.36198535871497267,-2.005276870874567,-0.3370194388427368,0.6722532205203062,-1.5682756599121506,1.2842097956294303
BRAF,60,20261023,shared_similarity_residual,70,0.5,8.24611723533579,-0.06068161108927409,-1.8592528817260332,-0.31890658839493913,-0.3872558581724598,-1.0073531503781286,1.0663129953090063,0.5434495899248445,1.2348057568894029,0.1007078619523286,0.040351569395542825
BRAF,60,20261023,anchored_no_contraction_refit,52,0.25,6.995748911407571,-0.3674315779125881,-0.1814841723057654,-0.5266237010783157,-1.859400678685775,0.9719624012263473,-1.4137293645760522,0.5375275683182593,1.0869851750728496,0.8176530564513931,0.7282625084413104
BRAF,60,20261037,factorized_transfer,27,0.25,12.17443685703262,-0.4215125588970556,-0.9888667308778077,-0.33398641283976044,0.30701402913680503,-0.06904182951660767,-1.7415410185892275,-0.0681305283898713,0.6311012518436031,-1.1263054930470628,0.9981353698931065
BRAF,60,20261037,shared_hurdle,49,0.25,18.33803597811224,-0.24444760278716093,0.38503350917357115,-1.3198377971773994,-0.6101933230905369,0.9172242054213502,0.6858049942372387,0.5344015433598146,0.8130606813864367,0.7068626629084095,1.1910510925370201
BRAF,60,20261037,factorized_no_contraction,31,0.25,13.02132195621836,1.1740174098547413,-1.1693814519319845,-1.488565629833299,-0.46203928749471807,0.15679223341488244,-1.0814726052197603,-0.6416349989140586,1.3436063120348745,-0.2597471944923468,0.1095743990655766
BRAF,60,20261037,factorized_similarity_residual,27,0.25,12.543363861655735,-0.4215125588970556,-0.9888667308778077,-0.33398641283976044,0.30701402913680503,-0.06904182951660767,-1.7415410185892275,-0.0681305283898713,0.6311012518436031,-1.1263054930470628,0.9981353698931065
BRAF,60,20261037,shared_similarity_residual,65,0.5,18.08926891227231,0.19376408912226334,-1.1706368342702185,-1.4790749839589195,0.5726471548238993,0.5676532464219197,0.45343251252548367,-0.013698872578477825,1.0404668687002263,-0.1554086486118228,1.3092941807871428
BRAF,60,20261037,anchored_no_contraction_refit,31,0.25,13.637621302082243,1.1740174098547413,-1.1693814519319845,-1.488565629833299,-0.46203928749471807,0.15679223341488244,-1.0814726052197603,-0.6416349989140586,1.3436063120348745,-0.2597471944923468,0.1095743990655766
BRAF,60,20261051,factorized_transfer,41,0.25,2.659329524917023,1.035119343861123,-0.7544298631273855,-0.09370498919790266,-0.7726469291000955,-0.6905655586302339,-1.0886199282855706,-0.2731613699644661,0.8880199700733462,-0.5340889293375949,1.8822815130127681
BRAF,60,20261051,shared_hurdle,26,0.5,3.6074646046003815,0.3622758314322502,-2.2702742200382553,-0.5327806793291857,-0.08581735332426085,-0.7948894336216296,1.2990526383938288,-1.1365633984009855,0.8962149376653052,-0.21997929607742506,1.8054304256599414
BRAF,60,20261051,factorized_no_contraction,42,0.5,2.6684211862949763,0.7753894710130375,-1.7250768287046878,-0.7289440080926662,-0.5798856338884438,-0.37221570073403076,-1.2425385636150095,-0.7475228247825473,0.5634632269102835,0.42392252476435843,0.46326751805031297
BRAF,60,20261051,factorized_similarity_residual,41,0.25,2.3433219651652175,1.035119343861123,-0.7544298631273855,-0.09370498919790266,-0.7726469291000955,-0.6905655586302339,-1.0886199282855706,-0.2731613699644661,0.8880199700733462,-0.5340889293375949,1.8822815130127681
BRAF,60,20261051,shared_similarity_residual,26,0.5,3.597792311799789,0.3622758314322502,-2.2702742200382553,-0.5327806793291857,-0.08581735332426085,-0.7948894336216296,1.2990526383938288,-1.1365633984009855,0.8962149376653052,-0.21997929607742506,1.8054304256599414
BRAF,60,20261051,anchored_no_contraction_refit,42,0.5,2.321656371331037,0.7753894710130375,-1.7250768287046878,-0.7289440080926662,-0.5798856338884438,-0.37221570073403076,-1.2425385636150095,-0.7475228247825473,0.5634632269102835,0.42392252476435843,0.46326751805031297
