dataset,policy,random_candidate_budget,training_objective,validation_objective,confirmation_diagnostic,fits,validation_objective_budget8,relative_validation_improvement_vs_budget8,material_improvement_over_2pct
BRAF,factorized_transfer,8,7.029886862802246,11.362681589849243,10.635490357900252,3,11.362681589849243,0.0,False
BRAF,factorized_transfer,16,6.698646767274212,10.584481248994223,10.372465961296612,3,11.362681589849243,0.06848738431165927,True
BRAF,factorized_transfer,24,6.643176191973569,10.489375688146742,10.203845459715252,3,11.362681589849243,0.07685737691379664,True
BRAF,shared_hurdle,8,8.595035565675042,12.568060017105688,13.149369595767299,3,12.568060017105688,0.0,False
BRAF,shared_hurdle,16,8.026215505518309,12.694180863207833,13.137351261169428,3,12.568060017105688,-0.010035028948818588,False
BRAF,shared_hurdle,24,7.990253456065884,13.212828279838439,13.086142552108972,3,12.568060017105688,-0.05130213110497499,False
MAN,factorized_transfer,8,15.338917565871546,10.177101340000583,13.290413658013057,3,10.177101340000583,0.0,False
MAN,factorized_transfer,16,14.851221590274614,9.981298097453505,13.112199500301648,3,10.177101340000583,0.01923958856314838,False
MAN,factorized_transfer,24,14.89957820625959,9.674274174825044,13.103081912388186,3,10.177101340000583,0.049407699538099537,True
MAN,shared_hurdle,8,14.941885843952965,9.42677292656871,11.762622525903287,3,9.42677292656871,0.0,False
MAN,shared_hurdle,16,14.82338767151684,8.648470551591151,11.976196091648193,3,9.42677292656871,0.08256297049268757,True
MAN,shared_hurdle,24,14.82338767151684,8.648470551591151,11.976196091648193,3,9.42677292656871,0.08256297049268757,True
