dataset,cutoff,seed,policy,random_candidate_budget,candidate_total,training_shortlist_size,selected_candidate,selected_training_objective,selected_validation_objective,selected_validation_objective_after_calibration,confirmation_objective_diagnostic,occurrence_logit_shift,train_targets,validation_targets,confirmation_targets,theta_0,theta_1,theta_2,theta_3,theta_4,theta_5,theta_6,theta_7,theta_8,theta_9
MAN,96,20260930,factorized_transfer,8,12,12,7,18.816839728465037,9.62238519760045,8.93831144658652,6.983345851620543,-0.25,36,12,12,-1.0927517404536584,-0.9310107192673125,-0.6016601376934176,-0.28371591785165107,-1.288921554085606,-0.23893936319156556,0.13455645156997756,0.7359371003741778,-0.04959020654627252,0.006647345636442411
MAN,96,20260930,factorized_transfer,16,20,12,13,17.353751801674246,9.231929069471432,8.35090171894529,6.448703378486306,-0.25,36,12,12,0.6826741339484207,0.6628683972163919,-1.7237923729709903,-0.3738222537456646,-0.7331716804100671,-0.290285277610351,-0.42321423045753276,0.3970145783157352,-0.1657867533360553,0.5497193525334051
MAN,96,20260930,factorized_transfer,24,28,12,22,17.498821649629182,9.12187325800865,7.429829951059899,6.421350614745929,-1.25,36,12,12,-0.9038614475389624,0.2203968900502066,0.36750161487315225,-0.9097680126079233,-0.9104454986799558,-0.6147444494256119,-1.4247309303499385,0.12471217157153858,-0.2854734472811562,1.6101259593163317
MAN,96,20260930,shared_hurdle,8,12,12,7,16.620890654811813,8.028090810692484,7.464984494154409,7.33752614530931,-0.25,36,12,12,-1.0927517404536584,-0.9310107192673125,-0.6016601376934176,-0.28371591785165107,-1.288921554085606,-0.23893936319156556,0.13455645156997756,0.7359371003741778,-0.04959020654627252,0.006647345636442411
MAN,96,20260930,shared_hurdle,16,20,12,7,16.620890654811813,8.028090810692484,7.464984494154409,7.33752614530931,-0.25,36,12,12,-1.0927517404536584,-0.9310107192673125,-0.6016601376934176,-0.28371591785165107,-1.288921554085606,-0.23893936319156556,0.13455645156997756,0.7359371003741778,-0.04959020654627252,0.006647345636442411
MAN,96,20260930,shared_hurdle,24,28,12,7,16.620890654811813,8.028090810692484,7.464984494154409,7.33752614530931,-0.25,36,12,12,-1.0927517404536584,-0.9310107192673125,-0.6016601376934176,-0.28371591785165107,-1.288921554085606,-0.23893936319156556,0.13455645156997756,0.7359371003741778,-0.04959020654627252,0.006647345636442411
MAN,96,20261011,factorized_transfer,8,12,12,6,16.386327443284223,15.150647787657826,12.564787220782152,11.626402935116785,-1.25,36,12,12,0.8605957255404194,0.6821367772232322,0.8268784292660172,-0.4069366362205874,-0.6741300449001679,-0.7581210091286629,-0.5975395095117174,0.7249104793937742,-0.6395757500695016,0.5388087055484801
MAN,96,20261011,shared_hurdle,8,12,12,9,14.727088444147903,13.819253544103875,13.819253544103875,13.620327412222522,0.0,36,12,12,0.5351594631658128,0.17085187101799454,-1.0336137538870278,0.7043175158833863,0.04830996120281103,0.6175972056978365,-0.31071632606921407,0.21093235558798296,1.4397582116491985,0.12279662100183036
MAN,96,20261023,factorized_transfer,8,12,12,9,14.587651227418382,14.812173192997356,14.12423581608188,12.678578025961318,-0.25,36,12,12,-1.719715213528253,-1.303517970931824,-0.7476207349744083,-0.8951183130374578,0.11058324223574678,-1.1176576344917644,-0.7967845300012303,0.05987635713864286,0.6636555093814573,0.42422446539362246
MAN,96,20261023,shared_hurdle,8,12,12,5,11.201730371697865,10.158471992543488,10.158471992543488,9.976240261545854,0.0,36,12,12,0.32422605065349147,-1.1691090205647083,-1.1992465443258256,-2.453976794155334,0.30292102676990923,0.1466634617762621,-0.4410188430203416,0.8675508140832217,0.19477870391253635,0.17039351332140754
MAN,96,20261037,factorized_transfer,8,12,12,11,17.663358193035997,10.991009829334226,10.991009829334226,11.120345983055252,0.0,36,12,12,0.5739903815740127,0.021899017185619606,-1.003790190683059,-0.6951272668472916,-0.3629084419128126,-1.4899771423270072,-0.35177300354952235,0.36443867255342827,0.7864653193576641,0.07255767378656612
MAN,96,20261037,shared_hurdle,8,12,12,7,16.431294774425066,9.50738934155664,9.50738934155664,9.35265890848007,0.0,36,12,12,-0.8055582723408028,-0.7399361884592622,-0.7629005537787026,-0.5380622752671288,0.47955443228791444,-0.26120466005921594,0.23075403665315838,0.45896303597762655,-0.5115442852859273,0.5083745943077899
MAN,96,20261051,factorized_transfer,8,12,12,10,16.692776304054956,14.847518633579615,13.944955314864206,14.527020844378454,-0.5,36,12,12,0.8262836531127672,0.22439605386002165,0.23079513946663788,0.8266452583687003,-1.899599290940734,0.5693146178232419,-0.5395212413899405,0.05594436910421894,0.47826779268235264,1.350260615231281
MAN,96,20261051,shared_hurdle,8,12,12,5,16.50759661346444,15.639031242883187,15.639031242883187,15.620970863233346,0.0,36,12,12,1.1064918823721488,0.13950953931052137,-0.989104158185178,-0.5902355024039793,0.42396813251966076,0.4166304836551209,0.9683636644375325,0.20336896098489735,-0.9280484920249679,0.7971350790440669
MAN,108,20260930,factorized_transfer,8,12,12,9,14.678264240432428,12.221956323126365,13.241987662309931,15.202049491223226,0.25,36,12,12,-1.3806151319454198,-1.277925394195225,-1.1851736689517287,1.271283166770089,0.17322954187276512,-0.37961936463641477,-0.4926898580395726,0.2481277412270494,0.3209449388203778,2.108574021796492
MAN,108,20260930,factorized_transfer,16,20,12,9,14.678264240432428,12.221956323126365,13.241987662309931,15.202049491223226,0.25,36,12,12,-1.3806151319454198,-1.277925394195225,-1.1851736689517287,1.271283166770089,0.17322954187276512,-0.37961936463641477,-0.4926898580395726,0.2481277412270494,0.3209449388203778,2.108574021796492
MAN,108,20260930,factorized_transfer,24,28,12,9,14.678264240432428,12.221956323126365,13.241987662309931,15.202049491223226,0.25,36,12,12,-1.3806151319454198,-1.277925394195225,-1.1851736689517287,1.271283166770089,0.17322954187276512,-0.37961936463641477,-0.4926898580395726,0.2481277412270494,0.3209449388203778,2.108574021796492
MAN,108,20260930,shared_hurdle,8,12,12,9,14.12639022589843,11.59065947397066,11.834056104253754,13.116897452072875,0.25,36,12,12,-1.3806151319454198,-1.277925394195225,-1.1851736689517287,1.271283166770089,0.17322954187276512,-0.37961936463641477,-0.4926898580395726,0.2481277412270494,0.3209449388203778,2.108574021796492
MAN,108,20260930,shared_hurdle,16,20,12,16,13.770895708590064,9.06236939709686,9.499148979321081,13.757618149307598,0.25,36,12,12,0.07328735288178148,-0.21048724587605197,-0.8437308846712709,0.9540752751388004,-1.1207470634941592,0.47447598563795856,-0.2543388437656066,1.2369351632527747,-0.426506897231689,0.022870099279801485
MAN,108,20260930,shared_hurdle,24,28,12,16,13.770895708590064,9.06236939709686,9.499148979321081,13.757618149307598,0.25,36,12,12,0.07328735288178148,-0.21048724587605197,-0.8437308846712709,0.9540752751388004,-1.1207470634941592,0.47447598563795856,-0.2543388437656066,1.2369351632527747,-0.426506897231689,0.022870099279801485
MAN,108,20261011,factorized_transfer,8,12,12,5,18.34787721562198,11.752433246822957,13.29426564808671,11.584708108026554,0.5,36,12,12,0.32422605065349147,-1.1691090205647083,-1.1992465443258256,-2.453976794155334,0.30292102676990923,0.1466634617762621,-0.4410188430203416,0.8675508140832217,0.19477870391253635,0.17039351332140754
MAN,108,20261011,shared_hurdle,8,12,12,5,13.733984268409973,9.602493917445168,9.811024944356063,9.360184062029495,0.5,36,12,12,0.32422605065349147,-1.1691090205647083,-1.1992465443258256,-2.453976794155334,0.30292102676990923,0.1466634617762621,-0.4410188430203416,0.8675508140832217,0.19477870391253635,0.17039351332140754
MAN,108,20261023,factorized_transfer,8,12,12,10,14.506922292107815,9.764014387944323,9.764014387944323,12.559803235472797,0.0,36,12,12,0.17169832193473,0.07675354191084095,0.2901219444076875,0.22295135896472043,0.07459750616378492,-1.5679603749556303,0.2889149287011997,0.4356010393942893,-0.5690931817692597,1.1105249688141137
MAN,108,20261023,shared_hurdle,8,12,12,11,12.845759119344876,9.892328033267702,10.598265190221161,13.531016429103838,1.25,36,12,12,0.6639967236906253,-1.0627359364025422,-0.9512689684757959,-1.3054384376478883,-1.2954110717386607,0.5813176455076755,-0.7571364405008505,1.1254709245200378,-0.02641792095548577,1.3004812835433996
MAN,108,20261037,factorized_transfer,8,12,12,4,14.350544813728549,12.307628850419281,12.307628850419281,15.023891693804226,0.0,36,12,12,0.571142785752144,-0.6123923652731044,-1.0770160551898502,-0.1039170312062705,-0.2514826417993837,-0.8365735230156637,1.2798454090114202,0.4837158892825474,0.27665368664465817,1.0603508051853223
MAN,108,20261037,shared_hurdle,8,12,12,9,15.586652709076027,13.217537487544927,13.217537487544927,15.66039649134698,0.0,36,12,12,1.1136173146413322,-1.1649806815678103,0.47889281234732217,0.790423660875895,-0.5459406245071156,0.0057623250001640515,-0.134257229601446,1.5751131467876487,-1.3586183288178655,0.3511177980167919
MAN,108,20261051,factorized_transfer,8,12,12,1,21.610701342633448,12.736824659802929,13.854665637450491,19.876706119957717,0.5,36,12,12,1.0,0.0,0.0,1.0,0.0,0.0,-20.0,0.0,-20.0,0.0
MAN,108,20261051,shared_hurdle,8,12,12,10,13.4676725736591,11.724608331837738,13.32853033365224,18.485665261215445,1.25,36,12,12,-0.20029845235029084,-0.2341221022027692,-0.5052531633685456,-0.9312568700733705,1.028747580789784,-0.4066357641308148,-0.35847235626700386,1.786240802221045,1.1147059997112219,1.3659698388295691
MAN,120,20260930,factorized_transfer,8,12,12,5,12.521648728717166,7.238943120144093,8.3510049111053,17.685845631195402,1.0,36,12,12,-1.31541711899862,-0.56373798118479,-1.5210951430328212,0.6654978066754809,-0.4320881670860935,-0.38453170074824067,-0.43323317829086117,1.5682289739952133,-0.5974438052291634,0.9178274743049176
MAN,120,20260930,factorized_transfer,16,20,12,5,12.521648728717166,7.238943120144093,8.3510049111053,17.685845631195402,1.0,36,12,12,-1.31541711899862,-0.56373798118479,-1.5210951430328212,0.6654978066754809,-0.4320881670860935,-0.38453170074824067,-0.43323317829086117,1.5682289739952133,-0.5974438052291634,0.9178274743049176
MAN,120,20260930,factorized_transfer,24,28,12,5,12.521648728717166,7.238943120144093,8.3510049111053,17.685845631195402,1.0,36,12,12,-1.31541711899862,-0.56373798118479,-1.5210951430328212,0.6654978066754809,-0.4320881670860935,-0.38453170074824067,-0.43323317829086117,1.5682289739952133,-0.5974438052291634,0.9178274743049176
MAN,120,20260930,shared_hurdle,8,12,12,5,14.078376651148647,7.2988075686739515,8.981278181297963,14.833443980327672,1.0,36,12,12,-1.31541711899862,-0.56373798118479,-1.5210951430328212,0.6654978066754809,-0.4320881670860935,-0.38453170074824067,-0.43323317829086117,1.5682289739952133,-0.5974438052291634,0.9178274743049176
MAN,120,20260930,shared_hurdle,16,20,12,5,14.078376651148647,7.2988075686739515,8.981278181297963,14.833443980327672,1.0,36,12,12,-1.31541711899862,-0.56373798118479,-1.5210951430328212,0.6654978066754809,-0.4320881670860935,-0.38453170074824067,-0.43323317829086117,1.5682289739952133,-0.5974438052291634,0.9178274743049176
MAN,120,20260930,shared_hurdle,24,28,12,5,14.078376651148647,7.2988075686739515,8.981278181297963,14.833443980327672,1.0,36,12,12,-1.31541711899862,-0.56373798118479,-1.5210951430328212,0.6654978066754809,-0.4320881670860935,-0.38453170074824067,-0.43323317829086117,1.5682289739952133,-0.5974438052291634,0.9178274743049176
MAN,120,20261011,factorized_transfer,8,12,12,9,11.513198898640605,9.2210313527671,10.104394433669235,22.321869383835246,0.5,36,12,12,-0.600841945084374,-1.312475405412584,-0.7038582064823133,0.517737780723928,0.28644080700265334,-1.0119839366757988,-0.925530872943872,0.2825739927710664,-0.8405115811686728,0.32111704423554593
MAN,120,20261011,shared_hurdle,8,12,12,11,11.710756912741116,10.23295273020533,11.528122337113402,19.24339618333119,0.5,36,12,12,0.6639967236906253,-1.0627359364025422,-0.9512689684757959,-1.3054384376478883,-1.2954110717386607,0.5813176455076755,-0.7571364405008505,1.1254709245200378,-0.02641792095548577,1.3004812835433996
MAN,120,20261023,factorized_transfer,8,12,12,8,14.771888251192145,12.612970001275928,12.612970001275928,15.861074477860845,0.0,36,12,12,0.5149552303681224,0.03643472267623552,-0.46353801173665615,-0.1701204558520879,-1.5359598505245344,0.03694389636081835,-0.8580068468078279,0.06983526613935229,-1.660494754455747,0.21707154121617653
MAN,120,20261023,shared_hurdle,8,12,12,9,12.715409195197722,9.805183553189092,11.140398098543685,16.39487829301528,0.75,36,12,12,0.8831882786431337,-0.0422782568236129,-1.406114114520115,0.5307034064091177,-0.0974650899664963,0.41948680588169396,-1.6276136591272352,0.3037502654268832,-0.6704679757181957,0.9064391075429727
MAN,120,20261037,factorized_transfer,8,12,12,5,12.855030206717174,10.494821522472202,11.560268352248807,14.771426079973152,1.0,36,12,12,0.1303976143103502,-0.36442205688897533,-0.7299294853446259,0.2444400224748006,-0.37275412113435213,-1.223571284293131,0.4641889327959492,1.1699628785234448,-0.17353430060563135,0.8705340612860399
MAN,120,20261037,shared_hurdle,8,12,12,5,13.758770772853786,11.263792995050496,12.593685270105796,16.62725245243163,1.0,36,12,12,0.1303976143103502,-0.36442205688897533,-0.7299294853446259,0.2444400224748006,-0.37275412113435213,-1.223571284293131,0.4641889327959492,1.1699628785234448,-0.17353430060563135,0.8705340612860399
MAN,120,20261051,factorized_transfer,8,12,12,6,14.685661064380243,14.384059812799341,14.878204248688894,9.299828725517783,0.25,36,12,12,0.3044107327066174,0.2289837246673727,-0.5284548943753359,0.2927878982750726,0.44331515347329936,-2.7751360676845147,-1.6906447638607258,0.15022382995046513,0.19885186412858788,0.5912609151304864
MAN,120,20261051,shared_hurdle,8,12,12,10,13.945487663710116,13.90925531221791,14.885258815209097,10.978264234187122,0.5,36,12,12,0.7391175727821395,-0.33597201495018253,-0.49751431820349296,-1.0776913796023038,-0.371760403105031,0.169289819957804,-1.5496832508154392,0.34519342416753407,-0.08437516135513341,0.09103999652182554
BRAF,48,20260930,factorized_transfer,8,12,12,4,9.636434417118224,6.955459560456495,9.6640200031244,15.146364838463619,1.5,36,12,12,0.19436217403504438,-0.6503596173840961,-0.2014533850819492,0.04445608509115223,0.47366850173652114,-1.1623303130942422,-0.19698975867326549,1.3154533602079508,0.5860523978539947,0.7960948071468992
BRAF,48,20260930,factorized_transfer,16,20,12,4,9.636434417118224,6.955459560456495,9.6640200031244,15.146364838463619,1.5,36,12,12,0.19436217403504438,-0.6503596173840961,-0.2014533850819492,0.04445608509115223,0.47366850173652114,-1.1623303130942422,-0.19698975867326549,1.3154533602079508,0.5860523978539947,0.7960948071468992
BRAF,48,20260930,factorized_transfer,24,28,12,4,9.636434417118224,6.955459560456495,9.6640200031244,15.146364838463619,1.5,36,12,12,0.19436217403504438,-0.6503596173840961,-0.2014533850819492,0.04445608509115223,0.47366850173652114,-1.1623303130942422,-0.19698975867326549,1.3154533602079508,0.5860523978539947,0.7960948071468992
BRAF,48,20260930,shared_hurdle,8,12,12,4,10.495669944218774,8.167005330784795,12.180317371927648,20.286439962701426,1.5,36,12,12,0.19436217403504438,-0.6503596173840961,-0.2014533850819492,0.04445608509115223,0.47366850173652114,-1.1623303130942422,-0.19698975867326549,1.3154533602079508,0.5860523978539947,0.7960948071468992
BRAF,48,20260930,shared_hurdle,16,20,12,4,10.495669944218774,8.167005330784795,12.180317371927648,20.286439962701426,1.5,36,12,12,0.19436217403504438,-0.6503596173840961,-0.2014533850819492,0.04445608509115223,0.47366850173652114,-1.1623303130942422,-0.19698975867326549,1.3154533602079508,0.5860523978539947,0.7960948071468992
BRAF,48,20260930,shared_hurdle,24,28,12,4,10.495669944218774,8.167005330784795,12.180317371927648,20.286439962701426,1.5,36,12,12,0.19436217403504438,-0.6503596173840961,-0.2014533850819492,0.04445608509115223,0.47366850173652114,-1.1623303130942422,-0.19698975867326549,1.3154533602079508,0.5860523978539947,0.7960948071468992
BRAF,48,20261011,factorized_transfer,8,12,12,11,5.702681442814847,10.52509607613179,10.056806190789992,11.566729255563738,-0.25,36,12,12,1.0606384669576407,-1.2787848448386923,-1.0452392672663564,-0.2142844501214162,-0.17634856548897218,-0.777635099383712,-1.0442685960959122,1.2491919167308199,-0.23691930216815643,0.4778663159898378
BRAF,48,20261011,shared_hurdle,8,12,12,11,7.5638294564723685,10.664465611315858,10.272893205711306,14.380754305821862,-0.25,36,12,12,1.0606384669576407,-1.2787848448386923,-1.0452392672663564,-0.2142844501214162,-0.17634856548897218,-0.777635099383712,-1.0442685960959122,1.2491919167308199,-0.23691930216815643,0.4778663159898378
BRAF,48,20261023,factorized_transfer,8,12,12,6,8.745885615524928,13.371812693300361,15.352419462424427,11.625967112501687,0.25,36,12,12,-1.079394314067349,-0.4604169568524287,-0.6995849995354271,0.659370649881555,0.4759985834595452,-1.1159449087857023,0.7691462205779754,0.04721391539841628,1.4357578347705822,0.986077824601856
BRAF,48,20261023,shared_hurdle,8,12,12,6,9.174502278157373,14.510226366887377,16.212146934347867,12.097236296094515,0.25,36,12,12,-1.079394314067349,-0.4604169568524287,-0.6995849995354271,0.659370649881555,0.4759985834595452,-1.1159449087857023,0.7691462205779754,0.04721391539841628,1.4357578347705822,0.986077824601856
BRAF,48,20261037,factorized_transfer,8,12,12,7,8.85973546191095,12.779035795503807,15.176455280013796,3.6808723485764916,0.5,36,12,12,0.5578929763189617,-0.2015119324397323,-0.8286112052663303,-1.4183800299142215,-1.5215968051528244,-1.1386306033635147,-0.8017854520343708,0.14883994047767757,-1.3032354607409276,0.20364559914611893
BRAF,48,20261037,shared_hurdle,8,12,12,6,10.629755205357286,14.910883806508522,17.69780559077521,5.893558294932869,0.5,36,12,12,-0.6067103957957394,-0.29427538155198746,-0.679844799953127,0.0993075354248994,0.8415087511076641,-0.6718515880407413,0.4071706492561741,0.22503421690663983,0.997741519316922,0.7269902459936923
BRAF,48,20261051,factorized_transfer,8,12,12,10,7.182173649032272,5.278866520686456,5.278866520686456,20.624364682394376,0.0,36,12,12,1.2995793564220728,-0.7508856059863538,-0.32127650150039866,-0.8882363262393226,0.5378973990830488,-0.8065602902540747,-0.7949098263729291,0.7947617691401128,-0.23636557403467806,0.9046632721126144
BRAF,48,20261051,shared_hurdle,8,12,12,10,9.078363481471,5.364304985030207,5.364304985030207,27.49973242384354,0.0,36,12,12,1.2995793564220728,-0.7508856059863538,-0.32127650150039866,-0.8882363262393226,0.5378973990830488,-0.8065602902540747,-0.7949098263729291,0.7947617691401128,-0.23636557403467806,0.9046632721126144
BRAF,54,20260930,factorized_transfer,8,12,12,8,5.950496136077301,7.550721736275983,8.223283342666353,9.552261407817191,0.5,36,12,12,-0.44266275190959314,-0.7906240889055165,-0.4330925116810149,1.547838517525193,1.6148141477416154,-1.1088599545542526,0.12490624531325167,1.3522440202679684,0.3335200615300643,0.7088331074220474
BRAF,54,20260930,factorized_transfer,16,20,12,8,5.950496136077301,7.550721736275983,8.223283342666353,9.552261407817191,0.5,36,12,12,-0.44266275190959314,-0.7906240889055165,-0.4330925116810149,1.547838517525193,1.6148141477416154,-1.1088599545542526,0.12490624531325167,1.3522440202679684,0.3335200615300643,0.7088331074220474
BRAF,54,20260930,factorized_transfer,24,28,12,27,5.784084410175372,7.378421946721367,7.937966660123909,9.046399903073114,0.5,36,12,12,0.46247307862964676,-1.941187247173443,-0.9863110301035495,0.36297873539311115,1.1855901878522785,-0.7096100743273622,-0.5113227997468418,0.2605554351979591,-1.0111978931042411,1.089878165433007
BRAF,54,20260930,shared_hurdle,8,12,12,7,7.545911468124819,8.179235544800223,8.179235544800223,9.900768662502308,0.0,36,12,12,2.0643702722925013,1.0492775494175068,-0.3668710398554036,-0.16914640955933752,0.4026640955472722,0.1289284291017799,0.7865711080232407,0.32255326584247695,-0.39689491664961196,0.1506085524216273
BRAF,54,20260930,shared_hurdle,16,20,12,7,7.545911468124819,8.179235544800223,8.179235544800223,9.900768662502308,0.0,36,12,12,2.0643702722925013,1.0492775494175068,-0.3668710398554036,-0.16914640955933752,0.4026640955472722,0.1289284291017799,0.7865711080232407,0.32255326584247695,-0.39689491664961196,0.1506085524216273
BRAF,54,20260930,shared_hurdle,24,28,12,0,7.438025319767544,8.866391516271388,9.73517779469203,9.747142535320934,0.25,36,12,12,0.0,0.0,0.0,0.0,0.0,0.0,20.0,0.0,20.0,0.0
BRAF,54,20261011,factorized_transfer,8,12,12,7,7.031422902091741,3.401363413832896,3.4985909582066026,8.544680080584143,0.25,36,12,12,-0.9264684592890768,-1.2437986744278375,-0.6684589423172429,0.02603304402164788,-1.707144717205781,-1.0181450399985812,-1.3878330418300902,1.737894913791349,-1.1933543368995552,1.2876415328839543
BRAF,54,20261011,shared_hurdle,8,12,12,7,10.222818900255325,3.5724621424532272,3.6360987969466225,9.570800280518457,0.25,36,12,12,-0.9264684592890768,-1.2437986744278375,-0.6684589423172429,0.02603304402164788,-1.707144717205781,-1.0181450399985812,-1.3878330418300902,1.737894913791349,-1.1933543368995552,1.2876415328839543
BRAF,54,20261023,factorized_transfer,8,12,12,8,8.241802309914483,5.22136380843604,4.043697243790505,10.570684343332504,-1.0,36,12,12,-0.22856486277226906,-1.5775787725311021,0.3944653818197417,1.382707275043317,-0.5240057492496433,-0.7169798044001381,0.8061885566769869,1.5564914244930355,0.7501168292540603,0.1728552691149267
BRAF,54,20261023,shared_hurdle,8,12,12,8,10.39208546262776,5.65997168706953,3.8191199549313235,10.49645809237846,-1.0,36,12,12,-0.22856486277226906,-1.5775787725311021,0.3944653818197417,1.382707275043317,-0.5240057492496433,-0.7169798044001381,0.8061885566769869,1.5564914244930355,0.7501168292540603,0.1728552691149267
BRAF,54,20261037,factorized_transfer,8,12,12,4,6.518979482940851,13.71224571873836,13.71224571873836,7.6084752226343255,0.0,36,12,12,1.1776541955276147,0.4422634704899169,-0.8021329585651797,-0.4884647869018148,-2.42326617072782,-0.6657033238496483,0.6866654631206519,0.013577374565037138,0.15409347845252797,0.8672862721633179
BRAF,54,20261037,shared_hurdle,8,12,12,10,6.010493989960477,14.22119672599133,14.22119672599133,7.591131565806925,0.0,36,12,12,-0.033778215628928486,0.024889734880098692,-0.5151455122300167,0.18570474521705727,-0.9716327459348997,0.827895064540043,0.9137962324590699,0.2969315564217914,0.26516215862276,0.9572703270992146
BRAF,54,20261051,factorized_transfer,8,12,12,1,8.051917159941967,5.749524217023105,4.896034712955255,10.757741311836801,-0.5,36,12,12,1.0,0.0,0.0,1.0,0.0,0.0,-20.0,0.0,-20.0,0.0
BRAF,54,20261051,shared_hurdle,8,12,12,1,8.05191715940758,5.749524216990199,4.896034712922351,10.757741312303867,-0.5,36,12,12,1.0,0.0,0.0,1.0,0.0,0.0,-20.0,0.0,-20.0,0.0
BRAF,60,20260930,factorized_transfer,8,12,12,6,5.502730035211211,16.200741423756977,16.200741423756977,7.207844827419946,0.0,36,12,12,-0.13192461720645554,-0.32418378099078565,-0.1675685918296148,1.271683076583985,-0.12641484216153503,-1.6744598572442992,-1.0761162334658037,0.6253166405833863,0.876255934630306,0.6019354137345454
BRAF,60,20260930,factorized_transfer,16,20,12,16,4.50900974862711,13.866140401191918,13.866140401191918,6.418771637609024,0.0,36,12,12,0.1755138791965061,-0.9432885824987797,-0.5156932112071883,-0.5302224121208406,-0.1171957872548844,-0.9730533098707833,0.763233610716888,1.2618595940160227,-0.7116568122166129,0.8092082576126777
BRAF,60,20260930,factorized_transfer,24,28,12,16,4.50900974862711,13.866140401191918,13.866140401191918,6.418771637609024,0.0,36,12,12,0.1755138791965061,-0.9432885824987797,-0.5156932112071883,-0.5302224121208406,-0.1171957872548844,-0.9730533098707833,0.763233610716888,1.2618595940160227,-0.7116568122166129,0.8092082576126777
BRAF,60,20260930,shared_hurdle,8,12,12,5,7.743525284681537,17.344627134589196,17.344627134589196,9.260900162098167,0.0,36,12,12,-1.4064335776002053,0.03268155075983915,-0.6080790315486923,0.9401532931126897,-0.32954629862431284,0.45168177030460943,0.3541811417827538,0.8344263934463538,0.6068138956394065,1.106642366618483
BRAF,60,20260930,shared_hurdle,16,20,12,11,6.037065104211333,17.722989672895633,17.722989672895633,9.224845158304555,0.0,36,12,12,-0.7102731401709343,0.1775137691914479,-0.8093333447221428,0.38234108122801924,-0.15628900406219737,-0.85735351359128,-0.03761657809103514,0.20056481701164489,1.7023003592687918,0.41696370706763536
BRAF,60,20260930,shared_hurdle,24,28,12,11,6.037065104211333,17.722989672895633,17.722989672895633,9.224845158304555,0.0,36,12,12,-0.7102731401709343,0.1775137691914479,-0.8093333447221428,0.38234108122801924,-0.15628900406219737,-0.85735351359128,-0.03761657809103514,0.20056481701164489,1.7023003592687918,0.41696370706763536
BRAF,60,20261011,factorized_transfer,8,12,12,10,6.172238276180097,13.805831031860512,13.805831031860512,8.438324669081167,0.0,36,12,12,-0.29742456907649334,0.011995678227064925,0.3471269235529888,0.5490467439097925,-0.27286978877024237,-1.1885344016026478,0.9091578657345102,0.8515729573105008,1.3148537473317876,1.5255774104418247
BRAF,60,20261011,shared_hurdle,8,12,12,11,7.200688485532067,14.794034679891272,14.794034679891272,8.920541802783541,0.0,36,12,12,-0.6729759238281852,0.03129374676021559,-0.577561854838164,0.2661219324957087,1.1487434342778688,0.8164150525908624,0.45499762506510005,1.131942825672456,0.00543445607102431,0.36861148052699105
BRAF,60,20261023,factorized_transfer,8,12,12,9,7.766057130263852,11.961686208695339,13.42196966308045,8.392495115101696,0.25,36,12,12,0.12465486487362974,0.25635447356678637,-1.2281015354081959,0.14473869778123574,-1.3498264151792159,-0.9398022041874523,0.17894178769795144,0.04023621190222597,0.7222675554485356,0.20381500311582396
BRAF,60,20261023,shared_hurdle,8,12,12,10,8.58885351905236,11.901899755322221,13.70152070383823,9.02026151034664,0.25,36,12,12,-0.2938692859341462,-0.6388079270149751,0.3299854677191117,1.122371981729789,2.2346714132678778,-0.2104865547259916,0.20713900541859936,1.0643248052386451,-0.6100926988398112,0.5426615155075148
BRAF,60,20261037,factorized_transfer,8,12,12,4,4.556674333114539,9.088711242199805,9.088711242199805,14.274705687449819,0.0,36,12,12,0.09785394976343975,-0.4501868879453474,0.23730974288157985,-0.9614185391336371,-1.0326038131847086,-1.3485729430401432,0.0394983897755054,0.23236624642306258,0.17607158934872696,1.0358380792519948
BRAF,60,20261037,shared_hurdle,8,12,12,11,5.651803032764461,10.000982058285397,11.410198834949236,16.675129992044656,0.25,36,12,12,0.6212277712436021,0.8500913690321767,-2.2225353960851133,1.1702062386561023,0.07779939350336122,-0.3388240062832828,-0.766334381665292,0.1660419266884672,0.9052030225572181,0.2674541886387032
BRAF,60,20261051,factorized_transfer,8,12,12,5,12.07616583022326,6.176456382110799,5.372168344442465,3.08696640927808,-0.5,36,12,12,0.4893415209728194,1.6942983822295474,0.8352515820725039,-0.14482501320296423,-0.031637341503126325,-0.8188814393241449,-0.6029352879310491,0.4010379531201479,-0.6244147417958287,0.6093379171258833
BRAF,60,20261051,shared_hurdle,8,12,12,4,11.920223206024444,5.813739055180859,6.6539323117491636,3.8651313661100324,0.25,36,12,12,0.7275969785463801,0.3495137496042731,-1.3704090886718803,0.6510183954210007,0.629033037603477,0.3941338651155674,-0.10080769692215297,0.16795420688301724,-0.4143414379029139,0.14492976353435622
