product_id,first_week,last_week,transaction_rows,total_quantity,description,split_key,role
21648,0,105,241,2987,ASSORTED TUTTI FRUTTI SMALL PURSE,52614f4ead32f4901c67986dd4fb37315f114443cf4403f7198959bc3028be58,confirmation_v3
84050,0,100,744,10514,PINK HEART SHAPE EGG FRYING PAN,5261d7b48f7c0ae7d41213a0ef351afd4901d0eae9ab7cb6212c4d6fdb55464d,confirmation_v3
84609,2,104,39,144,TALL ROCOCO CANDLE HOLDER,5265e78f393bbd15ab22bc02feaf7050f5f53382c65f04bf4c38b91291e8eb95,confirmation_v3
22896,42,105,376,2087,PEG BAG APPLE DESIGN,5273d8fee0f1f02526c6f75d21d73acc7bbc0801744c690088f33374db72f297,confirmation_v3
21534,0,105,347,942,DAIRY MAID LARGE MILK JUG,52999522e8588076901097d68b3ae1e1f72903dca7f71b7805019f1a61db44e6,confirmation_v3
22081,0,105,314,1573,RIBBON REEL FLORA + FAUNA,52c1a5bd5dd7ac770bf4181cc0f533b588f0c412cc9658989e2bfabce50f6d7c,confirmation_v3
90199D,2,104,16,22,5 STRAND GLASS NECKLACE AMBER,52ece6e42aaa2184319361d904496139e14a277ec98e334fe40eea1702aae4d2,confirmation_v3
22441,16,105,494,2717,GROW YOUR OWN BASIL IN ENAMEL MUG,530b64708c21bb7dfa0d6997eea4156577ac208333f89eb5ceb262ba50ceb3f8,confirmation_v3
21808,0,105,148,1014,"CHRISTMAS GARLAND STARS,TREES",531110f94094ff30725f6b747697dde05c4bf0155bbce96b972f723c7421c14e,confirmation_v3
20847,0,103,28,81,ZINC HEART LATTICE CHARGER LARGE,532be81c46d4f5f534b499c9b123acdebafcba8c087221a19d9e41ca70c8f4eb,confirmation_v3
84944,0,100,203,1154,SET OF 6 KASHMIR FOLKART BAUBLES,5332c508c0ab5f83635fb8eb5bc6e8f5afe592b120f660e48c859713c76a60a6,confirmation_v3
21944,0,105,210,1797,KITTENS DESIGN FLANNEL,534cf70eaca3064e7716c2472631970027f1a871d851026c0b0a9590007276d3,confirmation_v3
21281,0,101,71,3689,VINTAGE KITCHEN PRINT SEAFOOD,534ec685ada3d0044b9e3a75090add62c010788cfdaf755ad85cf11316fea5aa,confirmation_v3
47504K,0,101,322,2671,ENGLISH ROSE GARDEN SECATEURS,538081d7bec5d90a6e814762208c228b6afbf587f71236f66c2d88e758d4d595,confirmation_v3
21156,0,105,959,9391,RED SPOTTY CHILDS APRON,53911a01f973c74bc0881826aee7ef210d9b42c46e0701646b54b59fed33695e,confirmation_v3
17021,7,104,85,4322,NAMASTE SWAGAT INCENSE,53dd7152ff5c88475c79acdafb5efff79de3a16755c6dd7055f0486149d6e038,confirmation_v3
22681,37,104,194,1169,"FRENCH BLUE METAL DOOR SIGN, 6",53e4a1e76b5cccabcb36ba9e0b8043cacef8142146a27cc18baddd3fb1b452a9,confirmation_v3
21269,1,103,66,115,ANTIQUE CREAM CUTLERY SHELF,53f7c773287911feffbcce4e89a842e0a1c66fbd027cb07c41bf0ad26c059074,confirmation_v3
84804A,7,105,18,218,CREAM DELPHINIUM ARTIFICIAL FLOWER,54aee2dac34173a822a45658a2a81f1213d88a544781cc1d0a67e4be7cd58a8d,confirmation_v3
22284,0,104,307,2478,HEN HOUSE DECORATION,54b046062e825fd679635dfabdcb1c513a2ea41c811b50c69f74f83249ca33ac,confirmation_v3
47480,0,105,152,1735,HANGING PHOTO CLIP ROPE LADDER,54b3d09ceee3818a68088a7e1d34a133175d6cebd921776a136f24496b462de7,confirmation_v3
71038,0,103,147,723,WHITE HANGING BEADS CANDLE HOLDER,54bdb90dc7e86cac6b2f442375cfb8ce8520408e3d43048b0e323a6a38eca82f,confirmation_v3
84510E,5,105,34,162,SET OF 4 GREEN CAROUSEL COASTERS,54be0f83e9288472ddda21986d4b8733d844785d17ea881e5898d06d0dd382cd,confirmation_v3
84849D,6,104,264,1572,HOT BATHS SOAP HOLDER,54cb158ca6de1745ab677d33c7b8471247df67ba76c94eaaa37bf7af00cbfd54,confirmation_v3
22797,45,105,146,250,CHEST OF DRAWERS GINGHAM HEART,54ef8fd06d1e59db660003cb1949cb3d940c62688b046fca24a952d00eaa5a4f,confirmation_v3
21080,0,105,2197,31801,SET/20 RED SPOTTY PAPER NAPKINS,559c3a1c47cda27d58f3962550ac697227e917593a83f0ab85a3336b1ef5b8ef,confirmation_v3
85129C,0,105,69,417,BEADED CRYSTAL HEART BLUE SMALL,55a8fd61829fa4f07772a6cd7f9415b25b6df11492a16d8ed4b566b9e2b85548,confirmation_v3
85099C,0,105,1926,31170,JUMBO BAG BAROQUE BLACK WHITE,55c9155572dd42ae8857b159a320144ede26b59e71b97656fff75b2faee2f6d4,confirmation_v3
22420,22,105,245,2117,LIPSTICK PEN BABY PINK,55e4ea1006151ab0bfc0b85902f7cbb24fa8a2eca1252fe6ff90d46046b11860,confirmation_v3
22555,16,105,1006,11882,PLASTERS IN TIN STRONGMAN,55ed995789c019a979184ab373eeadb17cfedaac6d66a64b245ab8a575546fd5,confirmation_v3
16236,0,105,271,2666,KITTY PENCIL ERASERS,55f929b1f3bec072e819bc693bdd524c97e81862f3b4b2998acc9343d9054350,confirmation_v3
72586,0,104,187,2307,"S/6 HALLOWEEN GHOST T LIGHTS, 5CM H",5630ca3330656d9a61b70f2f883771aa15ac19483dbcfe78fa73329a9f9bf811,confirmation_v3
21199,0,104,150,1305,PINK HEART CONFETTI IN TUBE,565e7aa203b4ae0945df3057c001f885921d3de8df6837fd6dd0cc972781fb6b,confirmation_v3
21620,0,105,228,1088,S/4 ROSE BOTANICAL CANDLE,5666ef0df0a9e0b8586b5747fbdcee4df57c4193c98571d9fc1def4fa62145bb,confirmation_v3
85179A,0,105,75,223,GREEN BITTY LIGHT CHAIN,5681f47f6635df5890a9cba5c6c07ac21f7fdd4298187f07d7cc2c081d774c38,confirmation_v3
90165B,0,105,35,52,WHITE ROSEBUD PEARL EARRINGS,568b088bdac586a631cd8b72ad36693af61dd7381c9ee7e73bf497b29978d562,confirmation_v3
22496,8,105,195,732,SET OF 2 ROUND TINS DUTCH CHEESE,56b49440a132c5c539ced4743645ce35678062be3c8b9630a423baa468ee79f5,confirmation_v3
35971,0,104,231,1997,ROSE FOLKART HEART DECORATIONS,56eab0a2fc661d5f0b6d2dff8707d8cded11a10f10a5483111bfa2ab5b89820e,confirmation_v3
22840,45,105,415,1348,ROUND CAKE TIN VINTAGE RED,56f93d6abdcc0067fe08b458df359ca83187c256a55db82ce3671829beecb8d7,confirmation_v3
71496A,12,100,20,260,A4 WALL TIDY BLUE OFFICE,570dee3f0985fe2605586efffd97e169f9b0e0dea5aca982eefa893334cf3860,confirmation_v3
35970,15,105,711,8400,ZINC FOLKART SLEIGH BELLS,57befa8809f7212fcda2172c8f4d2dab8b4fa0ed64cf5b841b14ad770f7774e0,confirmation_v3
90086,13,105,49,219,CRYSTAL FROG PHONE CHARM,57c597510457cacd9d5ed38b30e19d73724de266841c03e13ac3115d7cf72c65,confirmation_v3
84968F,0,101,136,303,S/16 VINTAGE SKY BLUE CUTLERY,57c7f992162ca8b778ab07482e5bad1bfac325f05db3a34f8c9abdb4eed4d107,confirmation_v3
90201C,3,105,46,119,RED ENAMEL FLOWER RING,57d090f44824b744b1d40dca4a02c2e7b7248d0c8dc9e36d458d5c29133d78ad,confirmation_v3
90019A,0,104,52,70,SILVER M.O.P ORBIT BRACELET,57d253566d527b18e1bedcd50fd241b6a5a1935c947a962f20b9abf29f500431,confirmation_v3
84828,0,105,362,2516,JUNGLE POPSICLES ICE LOLLY HOLDERS,57ef36801b1aa1f33cc2dd42968f34abb776530c167e273d2f73bb44cdf2191b,confirmation_v3
21055,0,105,231,404,TOOL BOX SOFT TOY,5801187e6f03c06e92eefa3b032f667ab345205fd12527da00f0f43223777ea3,confirmation_v3
20969,0,105,637,3290,RED FLORAL FELTCRAFT SHOULDER BAG,5814839284d8dd0a6ed0b5d45dd889043ddb82895a2d110cc9154e2eb4f6ac0f,confirmation_v3
21385,0,105,719,10918,IVORY HANGING DECORATION HEART,585385ea0dde2495b3a1e504659ed18f457f42d61e7dd8b52ea816d728a1d2c3,confirmation_v3
21707,0,105,172,1005,"FOLDING UMBRELLA , BLACK/BLUE SPOT",589157803bc7942e82cbf58b25e6711608b58ee4e0108a9dd7dd5292943ab9b4,confirmation_v3
22335,0,105,535,8740,HEART DECORATION PAINTED ZINC,58b443c60a4d10a53f5e0afa49f0dc8e3ea9241694abea70dec52bfe2f7a4ad0,confirmation_v3
84032A,0,105,690,3420,CHARLIE+LOLA PINK HOT WATER BOTTLE,58f08b857ada897b3bb09cd35698abde088bb6d7bc86e119373188f0eccf4c1a,confirmation_v3
82613C,0,104,204,788,"METAL SIGN,CUPCAKE SINGLE HOOK",5930df285d41805775ac0c123beb01836a714f6c5f2bff931fd891f18c3edc0a,confirmation_v3
21313,0,105,429,6862,GLASS HEART T-LIGHT HOLDER,595109a8d4963afcbbd007d81864e8ff6b53b0d904e441d44834acdba5e56026,confirmation_v3
22798,46,105,379,2486,ANTIQUE GLASS DRESSING TABLE POT,5978206a62beacec74e45755817281304bea79060666a15dd9dcab0580effd7c,confirmation_v3
22303,0,105,541,5439,COFFEE MUG APPLES DESIGN,597cabd45d0f9c195a64f6c82256cf881d44baecc6de97a72795223b5a2bf55a,confirmation_v3
22869,45,104,57,167,"NUMBER TILE COTTAGE GARDEN, 1",59bb6f303b51a434ee329c2529c97c8485e1a1c34ea86f915c1845f9ba72b5c0,confirmation_v3
21756,0,105,600,1655,BATH BUILDING BLOCK WORD,59bdb9b903f1c1d7f27b917eb5b545a2a7f49df369e05314cbf2ec7061b33935,confirmation_v3
21070,0,105,236,2050,VINTAGE BILLBOARD MUG,59f52861d5b96c5c46f025a67eb9a57dd8b63d4ac8c7ea8bf9afdd3210e67dc5,confirmation_v3
22057,0,105,262,3076,CERAMIC PLATE STRAWBERRY DESIGN,5a0882571f514ac84e1013d9e62db87146723ad6fb1cacadb84eb23444ebbae0,confirmation_v3
90201A,1,105,54,130,PURPLE ENAMEL FLOWER RING,5a7aa12146b03faf9e9459edd7b69e36f2db61ddb72e540397e9a4ddf5580f80,confirmation_v3
22863,42,105,180,1149,SOAP DISH BROCANTE,5a9a1ffca272419aa3b3adacc443060f3ca97ce9a558ca6d1eecc7b9b5494181,confirmation_v3
84920,0,105,90,206,PINK FLOWER FABRIC PONY,5a9abbbe3b2269e96505a365ae50e7da160ab83d5242cf3dca7cd1980ece1dca,confirmation_v3
22589,32,105,254,1385,CARDHOLDER GINGHAM STAR,5b2015dcb78ff4225bd1694dfe33a3fce59992e48ad51019ec332630e2aa8719,confirmation_v3
22715,26,103,220,2719,CARD WEDDING DAY,5b2557ba2a0f8a5432893ad22640af1646c32f0bccae10a0bd7b6c2c30b6eb8c,confirmation_v3
85180B,0,105,70,365,PINK HEARTS LIGHT CHAIN,5b289442a33e44e2ef1c3c1440724bcf7c0e5cb50ccf1370847fc12093bf9796,confirmation_v3
22670,37,105,443,4490,FRENCH WC SIGN BLUE METAL,5b78def50c4603c51b61340e7b54f6d1e42c26dea268ad5de7231b05acbbacc6,confirmation_v3
15034,0,105,262,10182,PAPER POCKET TRAVELING FAN,5b8831f5d89ab460fd0441b4026b92e751e110006e29cc6ceeb484753389b0b3,confirmation_v3
90202D,2,105,24,48,PINK ENAMEL FLOWER HAIR TIE,5b9ee6cbfc5b2289b484321a49a18d8cfb7ebe311a87a3f88dd092775bc7e0ab,confirmation_v3
84842,0,103,35,1505,HELLO SAILOR BATHROOM SET,5bcbb39ab062228a31e2af7560c02b6e940057f704c3f3743fe7b38a2403839f,confirmation_v3
90200A,0,105,104,182,PURPLE SWEETHEART BRACELET,5c39165493865c7cdd386ab81334d6c2fdbb0f7fba5832f7ec6a5d5e725d987e,confirmation_v3
22386,8,105,2303,39809,JUMBO BAG PINK WITH WHITE SPOTS,5c514d4a30d34c686209966ca0987416b2072d6e25a8c4791543c9f34cfddeef,confirmation_v3
10120,0,104,76,679,DOGGY RUBBER,5c5e5946cbecb558479579f5f7fb7c69dab866fd720ab31abfc1a32c6d7aeb04,confirmation_v3
46000R,8,105,64,249,POLYESTER FILLER PAD 45X30CM,5c6ba559373c741184a4f136a0725ce11ac3eecaeb4de332a672350bc5783ca2,confirmation_v3
20674,0,105,472,3437,GREEN SPOTTY BOWL,5c9b87423e0a0205239a07d06b8cbe59e732357e0e31de263ed38383e127a397,confirmation_v3
90214L,0,105,70,179,"LETTER ""L"" BLING KEY RING",5ca6c6ba6a3a3dab690ef8c34b1b7565d2f76bfb65d9e28fa5330c8379340493,confirmation_v3
46776C,1,105,99,260,WOVEN FROST CUSHION COVER,5cc50aa9f2afbb407318fe2d559146a58ce2da12d921bd8f174b7a676490fac5,confirmation_v3
84821,3,105,75,1318,DANISH ROSE DELUXE COASTER,5ccab66ca85857459fd072dabe78adaeacc57652bdb05df940926dfbc134bf88,confirmation_v3
16054,5,104,39,1210,POPART RECT PENCIL SHARPENER ASST,5ce54e412013394ee52317e57faf718f57cb5e20bd128d68d6d90bae93aa531f,confirmation_v3
84616,2,103,25,72,SILVER ROCCOCO CHANDELIER,5d025a61504f9da40cde58affa14fa7176e5f938415ae81b75468da3760e81a0,confirmation_v3
85136C,0,105,129,189,RED SHARK HELICOPTER,5d15f628b7a63ebd6bfe18398390dce7e9997badec669672c70efe38cc124bb3,confirmation_v3
22676,37,105,311,1845,"FRENCH BLUE METAL DOOR SIGN, 1",5d23ecc5923a0448e3282893a4f0e50b9de11144a3bf93843691644b8e7471c9,confirmation_v3
22792,46,105,277,3596,FLUTED ANTIQUE CANDLE HOLDER,5d2bfe63f47125a9547f8c889f0d5c54cba0205989a79b4a26ac8167be092789,confirmation_v3
22199,0,105,413,1861,FRYING PAN RED POLKADOT,5d3715eebfb3b149dc490ccfcbb4afb584f173873a32a7517abf00598599f083,confirmation_v3
22827,46,102,37,49,GIANT SEVENTEEN DRAWER SIDEBOARD,5d44c5ff6f8e1e48425c45343d43389a8336e02d5c7f659af2cc305b5f61f7c7,confirmation_v3
90016C,5,105,14,17,SILVER/BLACK PENDANT ORBIT NECKLACE,5d5c56e38fb9bc71a69789de078573a695db99739e20f9a170d2e2ac13a65bde,confirmation_v3
21415,1,105,84,351,CLAM SHELL SMALL,5d6967f5066e6674dc98516c71901a68f0d87d5b34e01a6e43afc2f4fec01c78,confirmation_v3
21905,0,105,266,1623,MORE BUTTER METAL SIGN,5d809ffd2716299fe6b0250a25d26675609ee4ccfe94dc5a41ea4156b16d04e0,confirmation_v3
17090A,1,103,28,215,LAVENDER INCENSE 40 CONES IN TIN,5db1d8a31c0812669df2aa78d642e4e74bd7b4d268a9597d21412be32f1c996c,confirmation_v3
21682,0,104,155,579,LARGE MEDINA STAMPED METAL BOWL,5db9f682eaa9856c052d008c0279c13737d501c175ae84fa21a325af06e99c95,confirmation_v3
22354,0,105,284,2257,RETRO SPOT PADDED SEAT CUSHION,5e1de8b311b5e88eb9f6ec8931e29dba2a66e2a14dad34023d770049b95ddfee,confirmation_v3
84692,0,105,1169,19430,BOX OF 24 COCKTAIL PARASOLS,5e3fa422c32531f7cd0f33e025b690dfbc5fab919811db3a038d6e4670515831,confirmation_v3
21122,0,105,830,12601,SET/10 PINK SPOTTY PARTY CANDLES,5e5537c83d157dd1f9dadb098c2f769396a2253a442ac00a5130d37c2066e95a,confirmation_v3
21060,1,104,152,1288,PARTY INVITES BALLOON GIRL,5f0062884f36af0ccd1ad655f5be403e809a4c85a017743cea9d56c9e338fa7b,confirmation_v3
21098,0,105,654,9007,CHRISTMAS TOILET ROLL,5f00dffcb67315bd7c91f6707c907fc602eedbc12f96ef4559ba401fe9048454,confirmation_v3
90059D,0,105,41,65,DIAMANTE HAIR GRIP PACK/2 PERIDOT,5f364befb482108ee31915e8e7b1eec3992c20c31aa16302f00975b42f4b1811,confirmation_v3
21942,0,105,233,1689,SKULLS DESIGN FLANNEL,5f49e0d66a3106d31450dcbc77d609b714e15ebf54340ce8c4ebefff4734d1d2,confirmation_v3
20699,0,104,94,300,MOUSEY LONG LEGS SOFT TOY,5f4d29000076425ca573b6164749e79045acadd437d94ebbc4589df423c833fa,confirmation_v3
84818,0,99,215,1789,DANISH ROSE PHOTO FRAME,5f85378b28802dfdadadc76adb22327ef7a144002e5683770ce73f981dbdf6f0,confirmation_v3
21811,0,103,414,6446,CHRISTMAS HANGING HEART WITH BELL,5f90a14885c03ad977205521a2414dc4b0490814530994337b879393b5968d4d,confirmation_v3
84465,9,100,23,32,15 PINK FLUFFY CHICKS IN BOX,5fdd092cc76bcca0504abf5318e6308e0966c359c1e4f90655c8bae4e4647979,confirmation_v3
22334,0,105,270,2246,DINOSAUR PARTY BAG + STICKER SET,6004985e8a16a1cfc1613ebf126b1586911215983d7fecf9e9990979eac0306a,confirmation_v3
20936,0,105,78,340,FORKED CACTUS CANDLE,602412553c968f7666133e5ec62bcf75c9c4225be1256449bea94bb838e8cb7d,confirmation_v3
21930,0,105,1364,13640,JUMBO STORAGE BAG SKULLS,60243033c82b9c6d6e4b83f10dc91e2761b3d4e8c53eff6fea78e72dd95abcbe,confirmation_v3
21724,0,105,187,1038,PANDA AND BUNNIES STICKER SHEET,605c7d71387360056d5048d4a78fbd685e74f0bbbb6088c1df7587d149f2c896,confirmation_v3
84201B,0,103,8,39,HAPPY BIRTHDAY CARD STRIPEY TEDDY,6077c8fcd29018ac3749bae763df6915dd16f28d1f96f7d2a76f30ef40eb651f,confirmation_v3
21704,0,105,587,17299,BAG 250G SWIRLY MARBLES,60b2c93a2fc912096a4c69b8f423880c95502ddb91891494ed2d1a5e67be70f1,confirmation_v3
21263,40,105,60,302,GREEN GOOSE FEATHER TREE 60CM,60efe2c0f90f9557c452517e356d483b11992ecab38cbd2d527f8baad5de9d55,confirmation_v3
21693,0,105,126,905,SMALL HAMMERED SILVER CANDLEPOT,60faa4212410c9e853089138ae0277785576aeabb56010fba54a821b2eb07c04,confirmation_v3
90073,0,105,36,52,VINTAGE ENAMEL & CRYSTAL EARRINGS,610529001be23aefd9494e2330e00f74f2eea3cfc9be3795b4c3e9c16a2cf9fa,confirmation_v3
85024B,7,104,21,218,EAU DE NILE JEWELLED PHOTOFRAME,6123e4f4b13c8ff5b639719ff986d51929cd936209948bd4bee8c78cefaa276b,confirmation_v3
21508,0,105,547,6778,VINTAGE KID DOLLY CARD,612cbb3e584cfab6ff8969fb4f7b3dce76e0182b1e61b245360386e61bb5d157,confirmation_v3
46776E,4,105,80,208,WOVEN CANDY CUSHION COVER,6133b3618f20df1dbd1f4c392d0792051b2d3b462ee4669c670a4395af7dd689,confirmation_v3
84625A,0,105,89,861,PINK NEW BAROQUECANDLESTICK CANDLE,613eb3325650fc2ec3371790e98e61e809aa23194520edfc89650f81f4e8ad0d,confirmation_v3
37462E,5,104,30,110,"PET MUG, GOLDFISH",616084389f3e37e1e3b594214d6f4b166dd7e589a1f70a98fcb4625fa37dacde,confirmation_v3
84592,0,104,47,173,CROCHET ROSE PURSE WITH SUEDE BACK,618ab5cc6266ece1b387e9ded3b4cca590700695ab933ef8f474eb5bb0e897b8,confirmation_v3
35954,0,101,121,2325,SMALL FOLKART STAR CHRISTMAS DEC,61bc50aceccf2055a599f4e74fef69c9cd803b2d77b2f20e064794dc4d8fd11f,confirmation_v3
22746,42,105,596,2966,POPPY'S PLAYHOUSE LIVINGROOM,61f033cc8a510c87fe52be086c8dfa35086e939f6d54e8c301eea65381db0f14,confirmation_v3
84347,0,105,822,32498,ROTATING SILVER ANGELS T-LIGHT HLDR,62052bf631466aea5f86b34196b12d763d2f8bdd367ee584142514ceba320cd6,confirmation_v3
21989,0,105,666,8571,PACK OF 20 SKULL PAPER NAPKINS,6209a884483852a55584c8ed57f998e6f54e5e0c03c087f6251954b711c2cf9e,confirmation_v3
