seed,method,selected_candidate,training_objective,validation_objective,occurrence_logit_shift
20260930,factorized_transfer,27,11.846014945487452,10.767838973227054,1.5
20260930,shared_hurdle,22,13.18403680278946,16.380049683137877,1.5
20261011,factorized_transfer,16,19.103610809132626,18.075209319614256,1.5
20261011,shared_hurdle,16,15.554480049386047,18.50081796502496,1.5
20261023,factorized_transfer,24,9.551343244167287,9.380874473882017,1.5
20261023,shared_hurdle,19,12.32631786921717,15.038393373629155,1.5
20261037,factorized_transfer,25,15.016650024893694,13.694783704781225,1.5
20261037,shared_hurdle,25,13.008465839283753,15.855090490311357,1.5
20261051,factorized_transfer,26,18.225799120723806,17.459846724068818,1.25
20261051,shared_hurdle,4,14.274467429126437,16.917467617292388,1.5
