product_id,role,first_week,last_week,transaction_rows,split_key
22754,development,35,105,515,002c041e8ae0985141627bc1cc5b5a2d0604228336f259af6227e84c38a3575d
20837,development,0,102,18,00331502ec45c4ac6a964833d9dec184742fd5833aa592876fa2d9e60fbc186a
35443,development,0,103,10,003a04ae97491023a1da915f2b4474812e865d45067070ddd500061ca56f2aaa
84206A,development,0,103,10,003f25271de7b0909a1335500ef49c7a3f91a1f629f989d89d0c0cda37cf43db
21418,development,0,105,67,006d0484c43ee70c3e2dd17a9bc3fef63425b841215a60963f7b26ed60b109b7
21580,development,0,105,175,0086a8baaac095aa14deb62c0707781849f87b201c0d308b0eed67561ed97fce
21700,development,0,105,543,00c243550cebf3417debebcb82344724738234a316f8ef9512bacc0e5d8ca0a5
21533,development,0,105,973,00d7d3b3b608e25d091ca6b89d8b741b427b3a100f14ed3ee9c9e34f490f0fad
21976,development,0,105,978,00dc3e4fe66cf9fabc93023a2a07050c882049cc186242fcdc86ef25f0c02715
10124G,development,23,100,11,00f05ee08222dfa6de501ccf79b4aabd53a33cbca912dc53b2f5b37152608934
84813,development,0,105,101,00f454a0341fe63ca9abbca1420669ff59f0bd1f809bc34ee74b0627d371150a
22319,development,0,105,175,00fee7ca14195ddfc17f3d374a7267680793c61d5ebbb9289390f23817890fcd
85174,development,0,105,378,0144bf64263895c61f648db7ce6520c08b04835c4b9ca18870439c10f9de5d36
47563A,development,0,105,154,016106d06e1e2f749f794135cc0958098548ae4b19902317252a7b1e26aed11f
22262,development,0,105,327,0172757b5a1c8112569b630a5826405b2befe5c57ffe31598d7bc5f06883655f
20702,development,0,99,250,017ec211e1bafb73713182fecc7478b8c6ba8d2a21c4bd4a4cd0ae62331cc942
90124A,development,0,99,20,01c4307e74a42dd49f0b513ae131793866bb0316e08699e0baf4fa30d66dd998
22845,development,45,105,408,01dba1ccf50014d9bf24992b0d0cd3ee3eb4e22327ba7ac60f79efcf121ced2a
20977,development,0,100,495,01f268b07b8a5dbe8428ee0f02a0160bde03afb634f912651414ca8dab86e16f
22024,development,0,105,447,01fcc517e61b7886e508ca635a143b1c8917dcfed35cdafd9b5ba164f9cd82ad
21790,development,0,105,1952,020b0376e6ad6f6de023c1c63a2d8f6bf7d4404433b1cbe956e99a4805046d89
79151B,development,52,103,3,021e8b34f867ddd7cc5747da332c6008892418e39d45f74d184efbcb4e254cd2
20963,development,0,105,540,026ede50335510e734c0443a6912abfd03012e6bfe7e840228cee756caa396eb
22851,development,37,105,544,0293d5db9e5a8f997839dc3fb298625fec8f86c1b69303ef6c956e87d006a794
22636,development,24,105,506,02ab7f0eaeaa81df8f528199562cbb5745d02956444d6d8662b3cc4f52f7eef8
21056,development,0,105,198,02cbfaea49095a1a4b049a80ee2c8988ebe2e9f199fe69de51ffa6360e2cee82
20970,development,0,105,599,02e6db66110c419023f32d6d40ebe8605d49db314e41a327acef44815dd9fd8e
22839,development,45,105,276,02f798ac80160c79a201ea09fe7c0a3f4bd52ecce8746939b44fd814629215b7
22575,development,32,104,354,0300dbca725238d6a50a4f9975f1c3eb4b26006f426fe3ff141e17f7fe375685
22564,development,16,105,354,030f9feca75207e25ab163096ac4e7c55c1a3be6778bdb96c57e682e9f707073
35638A,development,7,102,6,03147520bfb8597287f3c613303947d48f8396125664caef4f7d779d5df0a640
82613B,development,0,105,242,032db2db18ddb7f9c83d97c2d07b5f8fc19cdbb807f114e8720b4376eb618a82
90161D,development,0,105,77,0390035cc17b6c9a6d1157f392f6066c4347c45c078537ac57001326d2ec40cf
22523,development,16,105,360,03ac36fa3d6066d0a21dc0a0b9f12bc80903ba01e1ef7128f624394299b99b51
22960,development,51,105,1212,03d15a7a7e62c092e8cc98d9a70d6186f2013a8c57668a6091d637a265f030bb
20695,development,0,102,62,03d40fa1ab56741b38df0721e6484d966ccb442009ade2cd16649aef62d144db
22134,development,0,105,306,03eb8585ff3ef33d6d3c5e9123654887010f636be5e0cb8cfb242b1507e5bf7a
22718,development,26,105,268,03faffb168403e87e4af95fba51477101ad1e8b8b932ab040b39223919b86d5e
22296,development,0,105,872,04135e540f1e8cecf0707cf1583d425e0f89a68436379fdef220bc56ec4b204d
84805A,development,13,105,8,0425ea6b99935a0c81e98367c71051c8139375ad5eb4a8f7bc117851746db761
22367,development,5,105,1184,0428d55514698c15373299e262a964a13ff155618949d071ac39766dabd81db8
22625,development,22,105,985,04399f093bab98515996218411a536d432a5b49ff6890ab548e5cd275051ec93
90185A,development,1,102,27,044ab7b915effaf13e8d218febe14e97c8b86af617bd5fd70bfe8f3d77f6cad6
22139,development,0,105,2110,0469b03ae45d1389a6c5e3b5ce07bef95508744c887bf5159d9e7a61dfefb5cb
72818,development,0,99,140,0473adb72d078576332ee78908b10d6f5a81bdcc023fca91cc10a6da72491188
22078,development,0,105,495,04779de925e1f086f7e3e514f80758d6ca1d4e0a270f25b02ae3ce527e20badd
90169,development,1,105,25,047b0d11867cc265a6dd1afa7f3688c82b0505d6d0f276a93508b8616a87a819
20931,development,0,105,160,0488c51d47a878a08613fccee87bd5dece55031be22e6d62e0870254e1cd48f4
37479P,development,27,101,36,04af3a96360d97f1bf263a7ecf8e0c63d7c90c53f7c09c980db3a5a572e946ec
35598C,development,2,103,3,04bfe83821f266fe1d62b6a4592afb8a94f151c14f4e11d95bb0f3704acf6c58
22834,development,40,105,672,04fcfebe3478a2c8f3837a015bb48dca00afa6514fb2ec88075e82dc781bc35f
22229,development,0,104,189,05050ea6cd717de7b967329dd6c82db300fe642efef11665be05ba6158bc28db
22516,development,16,105,167,0515f79d843a4b51df0f054fc6596d9a180428401eb4ff17a2b7caf86027b7c8
84997C,development,0,105,1055,05498814b2bba8b48b62c90ddb0219581b6a4987bf1ebdaf297757716efc7139
22224,development,0,105,415,05762bef8ae42bbd21b37aed6b11efb21290e256065353d8121fae86e92e66a6
20821,development,1,103,25,059eb33f1c8b3bb90b1cc9fcd0b02c633ad23eba8ee3acac0a0ecf5701e9982e
22029,development,0,105,1119,05a72aa0e1739296c935e2fc367ac929cb56af16c454902b62a0841d3f8c0b61
84673A,development,0,103,101,05d9a746fa1434bc42bcd1d301ab7bd0b6eef4ffba0d5620c3e3b3ed680319e6
37475,development,1,104,72,06103043a0bcabbaa7ab5c5c7e433016c0aa43e6ea791e78db2311f3a6a73b8a
84708B,development,0,105,54,061873c1c693c49a500497d0a5a1c575df0bb689a8c3e9bfaa13e842d704c299
21647,development,0,103,150,06310c0bdc8fc5896c1d1d2bd41a99399fd3bebe67360abaf6257f88d1408476
21906,development,0,105,440,0641161a0cedc52c648c2fc7711ba77be461f1c72976c48cf126b5460758c037
17107D,development,0,104,91,066e51a0ae4e1ddf95e8985d6d87bce1eaf1f7f21bad7e13dde704118e5466bb
21108,development,0,105,634,0670a3a5bc2ebe75e8267c898a6d48f7eb5dc998a831bd15b8f8b1296961ce87
21426,development,0,104,102,06789ce7368b8a53657db8a928363e55da9b20eccc2f958333f11901874bdb49
21907,development,8,105,789,06e1dd1439acfc85947f4b86ec7087756f18a37807b42276410413b1b3645fa1
22922,development,50,105,116,06ee66377748051a0fb51a1ad4ec481499f21171d5cb36265817838ec45a6223
21196,development,9,105,23,0708d015de8c8bcb5beea85f56645d85b6d6805b9479e32b84df9f00d9e57bf3
21948,development,0,105,278,0709700335e437656fcd4e89e2834c79c2d92604abcaa2b158d9b7a81de51c93
16225,development,0,105,171,0721b401dc9f123d1bd976f2569d2269bcd7a29a72223097767a8e1fddd7dc51
22395,development,19,105,56,0749ffe6e6ef98b2211d70c1d6b01648e5cc1b6bcb9c7d21e76e78dfa761aa41
90101,development,1,105,30,075112eae13cfc2cc0a75b81369acde0601c015959b03613559643cfd98a28a5
21065,development,0,105,124,07a3bedd1aec9c2871d93ca61398fd97af54c8779742effb1d4aa30adf8778c3
21292,development,0,105,93,07ae69fd4bc6a4f4fc832bb278ea620645a72c0ac9b48cf19be508174e609fc6
22375,development,10,105,296,07c3f7ffa24d1a0df8d128aa2f7978cce171916d51296a149de5b6d88417f515
90094,development,29,104,40,07c84d07173957020e7b283a7f468ae1a0495805130c36437d3d76be8a56e3cb
21503,development,2,104,64,07d7a757e2382ba6d9e2e09e39f57538f02459a5825cd01e904c066852878a7e
21988,development,0,105,427,07e7b689d4cc133a33e4df9a1290fa317729015cd93d1f505791d6db551c7e94
22679,development,37,105,232,082498d7b3b91e950b36a23bc51ec90bf0110d20756cff29febe592ed0487823
90183A,development,7,105,32,086242801b37b82523d527976e8964cbf66d95a532e17e77313d96ec40b8a042
47310M,development,1,105,174,086cf585ba0a98134dcaf45a3c149967b48dfa2af4a76c80982ccc47e9a459b1
90204,development,0,104,38,088c02aa4fa869e1b48fa7e3b82100e343e82af6240c68f1158807f74751f7d2
21497,development,0,105,488,08bf4b38056c9193b9e11f662e8ac4679880f5cbd11478641f103041ea96462d
90067A,development,0,102,16,08e32c502014ff5efe04901fdbbeb61e6a61896c408b067d6be6ca9005d82e9f
85039B,development,0,105,275,08f2616258aa928acf802d411498a2e86c48641f6966fbf665ed403030b21070
22201,development,0,105,167,08f787cba986b791155f74fff4e3072d5622175006e45f282fb708ca1fe0f133
22102,development,0,103,59,095607f547819de7e2c4708bf4f1403d6f4b4bdc3e872665a514bc6da6db2b7f
22396,development,16,105,189,098503956474f34fea6e22f5830168f486f1205dcce1d8b84a37ad2fb93de5da
21955,development,0,105,748,09a487fc154df0e4245e2ebb5875735d88c944970c9ddff337b736c014bc4a78
22231,development,0,105,306,09bac887cfb3e690f2ef87d08fc444ea6b5ec2faaaeb699e37f5d92a8714a319
21742,development,0,105,197,09c16de6492676f835ead7e42ca8ce6b53eba8a95f940804755144c5f581b1c1
22189,development,0,105,1327,09ff48b39cb48cd4bcde552e1d0731ff53b9c5eede83359be5d400944bf18fbb
85199S,development,0,105,509,0a16ce2c66cc18849743269ec0dfbb34ff4fec59e68e95cfff9d29204b5fde09
21463,development,0,105,306,0a173160c15392cbbf07859e8151e4d651665f5349a771141d29d76740b16eeb
37489B,development,10,102,18,0a24eff355efef6cf90570d97f3146fbcbc08e64ef003dce7aafad4cfab5402a
72799E,development,0,105,187,0a44fe02f4b0095254507cc36d33221a64341625f5e252dc06d0bc9bd32e2035
22447,development,16,105,84,0a626346ef6b551ed34b2a5a17cca9792b2d5de7c0833749ed60b658ea57f2b9
21983,development,0,105,337,0a661aec3f4983ab698919eb49776072a32c7ac955f4ca420bfcfc298008a69f
21788,development,0,105,214,0a7810a0ccc6e4e41b638f6e1d3ae90876b209cc218263a8a5836241a2651a8b
22509,development,14,105,190,0a83ee6ba1ccd8f1036e9d09170e777c6dd6071947e75935a5636f07d8d5b509
79321,development,0,105,1179,0a8e0336bc9f450e31557c9857d620429ba10267c4dd640a902082c2387dba70
22825,development,46,103,40,0a90b860897de387e568f58aed64a9f7fe35b83ce795a2815d50fac1f1ddf341
21284,development,0,105,142,0a90f64fbd5f47c1bd62b0a2b023d4c286f1895bef2a272d49d305b6e2a016d0
22945,development,41,105,368,0a958ec52a2f01c9a3d6caa0602e930550166780a8e5377c0d3e1b429e16e22a
21329,development,0,105,576,0a9fce9c91f75718447c350304880a6aa65b51f8a032f80aebb1f3fe7b7d522a
21441,development,1,105,136,0aa375a739ad1d2d493b2eed74a02e88c0887e002028196c36e75e7aaca8eb5f
22775,development,45,105,301,0ab614e2e62cd21d9ac57f087da2d9c9fb65a8e2eb55353b9ad05ac9d38c4f0f
22844,development,45,105,512,0af2fff1a9d540441aecfb4bcef8371cf16fb95731b46518f845715a2624db48
20725,development,0,105,3140,0afa95a4f852c1cd7fe7d148eeb38d0a8cabd6d7c463196a5c1fa4189d25e4bb
90177D,development,1,104,27,0b09bc064a0568f0df09ca519ce5551c819372c7ad66175ab22472b8ab13f4aa
21539,development,0,100,732,0b2f4e84df080e93e395251f65292ec3137b271004b52e9a135dee014b0c8aea
15044C,development,0,105,234,0b5307f1365154700669524612a84d5fcb20bfe2a3918e0b90ca32280efcd197
21198,development,0,105,119,0b5c2afb4d67a34c830fbc1e3722eaf1825d7a851fc35902d39409b53008bf6f
22118,development,0,105,286,0b6ee0c47c9056749c255d9410d97b29cd7ed555b0df5ba84e5cb34ffc481fc7
22499,development,9,105,784,0b9dd149d233553d74f72fc00657ba630a48996ecf98cc19566718ef9670d48e
84870B,development,0,103,43,0ba0261590da51c8997f5f2d123c9a8497587fcc1c1c13bdf1373288816c0fe4
22891,development,45,105,246,0be28b535a40242fd3048ad4a80a6adae31a96d83423dad8eafba39916d08d4b
22149,development,0,101,1443,0bf03dc602572a8c1354ce88fa84bf53f553cb1956ff027c4dd57876b2daa60b
21326,development,0,105,675,0c1178015f3049b045b0f59223c5e75d53f051d01219e5202beb0b421210f822
90206A,development,2,105,12,0c518e0455870c9478016b07ce3ec2c4052eaf11500ece755928f86fb78718b3
22743,development,36,105,371,0c530690e767e212e9bf82b5ff6c5c927e3fe89466cdd98a50a45aa0ab09ddc2
22694,development,34,105,913,0c5b021210e49dd1e69e7f211e678818c0d9f0fcef949cd539b3cb96b48342ab
21928,development,0,105,1571,0c7cc3d9da87f5e2dcd7bbb3f1d789d45126952dfcef3fe4385a3f9689233d23
22380,development,7,105,701,0c902479072629d636ad92f2a30fa5ea20dfc11f50b88c3a4647e8f481d40e1d
22565,development,14,105,291,0c9f3fd4066249167342e5b29220536e85b45c62aaceb009a7429cbda6be0bc7
22874,development,45,101,29,0cca81dfb0b9e2eaa05737d797c0480ea98648848b93f528c5801080018c425f
22276,development,0,105,386,0d07458083bbf886d235edf430f6d6ddfe3651dd9abf5dc09d9a4b42ce80c8a5
21974,development,0,105,816,0d0af14f8e360ac9be902139ce0a919c8a3c4f2130b7699f38ee6e7b1b42e571
20914,development,0,105,2098,0d2a41520248ed7ef00da1db6a923db4e8101264a70af90c03c441856b239477
21809,development,0,105,220,0d344ce17f641dd35a44dcae7b070c948a3f0e838e2f60f9b53ca473750ae899
22677,development,37,104,284,0d5476e491bce5ba6010ccc9dbff209373d395afcfd41378cab3eb56ecbde5cd
22892,development,45,103,298,0d5622928801b5317a9a171f24135c1b98052b9c02dea69e8dc3fef921ce677f
37500,development,0,105,268,0d74b28d9ab06805a6dacd84b780c2b8e137111927cdfc7ad92d9a91eeac8751
90076,development,6,103,7,0d84bf981ce7d19f6b614eaa6174519af52d83d54dbfd0618ec0693ac954033c
84522,development,0,103,27,0db9f562cc34cb459a39a92bfa9a54e1a6e4c50e199d88149e929902d5484e02
21509,development,0,105,635,0dced4907e26a4beec5f5d5ac5a63f91b7ecd4a0b926277373cdefa33a5cc03c
90129C,development,0,105,52,0e2860346e6e0fdc89c9266444ea21d7d00a72dbb957ae7f8b2a0d50e6d12ef5
46776A,development,0,105,123,0e34f7e133826fb3550bce594aa558a345b2b771adad2a040cfc926208872385
21064,development,0,105,181,0e506251d25702b0c80f4d61a846ccd54e1f10dc97795ff1681081683383d3e1
84971S,development,0,105,478,0e7395f37177faae80a14e63f92adad1ad98094da66232a35d1cdff69c56cab6
90177C,development,1,105,27,0e8602965d2e3e8442ac9754a852aa4a621802d60fb09405de8b360362bb51a8
90214D,development,0,105,53,0e95a34a495124f849612408213b2d78d74146b115803e25702299d9519a86cd
21803,development,0,105,341,0eafc9bb9edf949eb695a4191ec43511e43c3ca568355dc27e53d02dec841265
15058B,development,6,102,156,0eb9d2e2c2796b64c2bc5e6af0df5ebececd4ddb46f5301580608e4d10560e38
22317,development,0,104,169,0f76813124efe6fe0b040595db57b285dba5f61bea04cd51a73183d8fbe2dee1
79302M,development,0,105,118,0f9ddc4baafa0b7a4519d71c19d821bac0b39f62d94885840d7356549473ef9a
22032,development,0,103,111,0fb25683d2f066ad19ff1bc4048b145733084f5cddbabc35089f3b1834fb3c8b
22212,development,0,105,858,0fbedf4d5ac73d8850bb8c400bb19731c922786d950a44e697841b0474ef1ff4
82552,development,0,105,812,0fd164e8fa96140f900e529b0c7e178b30edba9e89316f6be40c03220a58e1ef
35599D,development,0,104,106,0fdba5254a5c4377d74f6b9b2d58347f185081cba66d583c7618c5e966282796
22755,development,35,105,523,0fdbe46fbb3387442e01e76e1e1a343403dcad27d4c8a60c1b4cca968caebdab
22324,development,0,105,158,10097498889969287adcf1c081d3da06d7a9d919c4c4125f2a4bf7cab4883be8
85183A,development,0,104,143,1038d26087f7e692d75ad00fba250a4eded17c88ff0c56bdad34c64b911d9059
84508C,development,0,102,45,1043e1e1d86ac36750b987b0310941135ba4c83c3dc82b16f3c83538e7c2ecf5
22602,development,32,105,565,106059e487faad03bc719ad1585c6efe34b4631623832b34a222a159f9cc10bc
85179C,development,0,105,40,1066f2dcb52069c105f21059880296e860a7ab735d0818f14290f3fa0c992cc8
90041,development,1,104,6,108c14d3f8eb377c0f218df9a57000e84b43a7c13055bbddcfb733a53ac55b30
85024C,development,0,103,46,10b847046cff138ff669c3bb795373eff2ee4bb7ae94a34fa441c49003d845d3
72598,development,0,105,169,10bcb650c9a13e892b647fddf99bd3687fd9502b6ed949c405b147756cfe5f87
22558,development,19,105,1245,10f930e51b2a9531b98062f583da31cdb61e1e7d00f415688e4f58631b3c345d
22948,development,41,105,196,1123b3c09293f1aba2bc371970b4b254100916aaeb6feec4e4bfb141cb07d81d
21356,development,0,105,366,115d649f310be68d4e471171bf19f44e07bc180bd6a8e04c5dbab0a3bb1b5adc
22130,development,0,105,455,1168b15dcfe54421480e1fd68846fbdfe3f21c4f68aa3e0e55edf5d86f20a898
84712B,development,0,104,61,1176bf9d8af2c96a5f18d3f40a739da13fd1e9b2b6f624f07d2fae33f7acb4a0
22427,development,23,103,817,119a3a2d74accdc4fcf5fd62a8010208131164662bdc85ce595c39b2c8b298ed
22362,development,14,105,255,11b7154729970842b5e915ace2180186903350e90406616894d895eb7ba8429d
22503,development,21,103,57,11c7863945135c83529e45684dc6437c5d7410fd8deade09adc9dc2978c52bd3
20765,development,0,104,152,11d390586d3c4b2b541434ec4ce294f0781425b27f557b2593cd4f66b514c203
21068,development,0,105,398,11ea48b98a955f8e14850bab120137b0077cec8839e91c8f82ce820223606b3c
85230A,development,1,104,48,120bc00ea569e1507c299f40e2525b62857c1074797b81f5f283f81d2b6432d4
21163,development,0,99,270,123ad838ed66f5bd4bacad575bec78d74bd3b53d5e48116d187ba3008b583128
21071,development,0,99,507,124083391a88afd47dc65ca54c628c91de98311bbdc25e9d76f3aaf262cca408
21479,development,0,105,1026,124b4fa767206b1fe78d977a58b3bc9f35b0aa982078de53e3c1a3cb5444f925
84029G,development,0,105,1103,12bd921929c091ce45b217e59b36de158c3c90f300bbe2200dd12f8f9ce1d77d
21884,development,0,104,166,12e03ce42c68bd535eb9191b480a44644d40dca2390f3b5f3482270943020be8
22467,development,13,105,1142,12e79c8574df7790d871bea787008c308de9b2cb2f31fb49099e3ccf70f36a1c
90082D,development,0,103,53,1305b41913978d7efbb92b921d6eab93114411ee2e0abf90cfa0c822c4ea7683
22166,development,0,105,165,13227dba773ee346664f78cc8a6cbd73b7a2cf8fdbb57d54d3cd5adadf5b367d
21191,development,0,105,215,13395fb5713178c1ea088a763e105b092427f3e8ae5ee054129408931f5efdb1
22232,development,0,105,158,133cafb6e4e67c4625614cc9f63bb88a7959f2c6d630b2e72581ebffa3df51f2
21638,development,0,105,150,13401df178bcb6fbbad2bbbf32d20808a5a7ed68525ac6c8d053e17a493a9a54
22501,development,24,100,780,135e2fffae315c38ba49200db18055e7c379bf765cebbc7b1574cf5968e617b4
72800B,development,0,105,96,136104b06acf0412bb96b9c1a7658d4eca9772f91839a9e7dc7063d96d0e13f7
22771,development,45,105,533,13641b639840ef794e9d7f1be653914714bd4ad6733e6ebdcfcfe6a849b58216
22627,development,22,105,669,139d6fe2e8b26f12e0af051ec352ff6f68aebc775f8a2b27863245ac1690eb13
17012A,development,0,104,99,13e5c6e928f40301cb0d25618f762cb1a78c4a985b7d4b4bf12273b0768ee5cb
90075,development,13,103,8,13e6873a92a2257e8da3cb271dadc5c83cf36e701c02830393a21d2feb56496e
90205A,development,1,103,24,13f0fb087d516835f9e25d906a4f913bac06a94716cb216f0ef5b7c6bbd2d747
21579,development,0,105,141,13f7ef709db94f80a7c50ac41540dab51b57e32695c1fb180855268cb7278af0
22434,development,18,105,292,140029259070d53c596ff996f2dd26e376c29ed4d4d24d523cfdd4185bc0bf0e
84665,development,1,101,48,141d65a860eaff9c3bc34b94020ed384fc7f89d7de1e582e45bdfd1809144b85
22216,development,0,105,122,141e60a8df174a4c60ac80d9c979ac224d35f8e2749ba4d9aa9ea5c7ab7269b6
21262,development,0,105,143,142a7a01a4901a030102a9b7d65d4ef40db6cc1ceaed2e4ac6a1c3ea9108fbd7
46775D,development,1,104,96,145b29b2ce81f9033d5496ee59e0293b26e28336132fbada87c8fae4bcf48cf4
79030D,development,1,101,63,14668a4f62a6785782a50f26e60a135ba7236327a796ecbc9b3a3e998952ac66
22713,development,25,105,379,1467825d92110cc74c6cfe9ec098e070e9406bd8b43a4d29b8cafc20ced23d19
72802B,development,0,100,221,148c5ba7bed0ae73c665f79153717d2cbf3346035d000e32687d5152266fe470
21967,development,0,105,507,149a5fa3ceb8ba6ad26a063b8c1b80ff5a642f65cf984054b97b23915c2e27e0
84558A,development,0,105,235,149e3bdc40692d213b748d46fb912666a4203f19ebcb0d67e8b6c057da689a21
21557,development,0,105,313,14bf24bcbc97aff916146279b360b0b669e157ecd087829a2afa761cfe0f68d5
90185C,development,0,99,35,14ca6cd021141a3e6d316e0787d934897ec72140b0c3ec23c9706c0291d47795
47420,development,0,104,33,14d101fd229079e15888c1c573f4f38a3b437bf6fdbc2c857627e734d64359c0
84988,development,0,105,1036,150f1b0247a8455fbb6397729c8911f999e0a7f6cfc1aa5136b3f6d935491df4
22605,development,18,105,652,15308819ace8048dc0881e097e555b8134cf0d2e0c38a344326f785bfd68e4ab
21112,development,0,104,196,15325ec70cf44ddb036aee02d36a442c1ae27fe7cc598939efc9637c53e4e9f6
22529,development,16,105,161,1534571d3774b33f66593ac479dfc2c7bffe6dd36933538d506c9105e790f697
46000S,development,0,105,383,15557489625bdfd1d48c19155c0c4901485e9d944a5168c5c13faa2d2e9cf0cd
22570,development,14,102,851,159fd7deda8c86a2004e7de58046b472c6dce7ba11bd6dc099693e1fa5307a7d
21400,development,0,105,91,15a5a169ef732318e3a46fc9ef960f001e281f3bf7b62111a7d3f9a754fac2c3
72760B,development,0,105,503,15a7664b21fd9e84d814d86b5be198c6a4b004a5602079e1c699563c83acd309
22808,development,41,105,85,15bed1d26922ebf05f14a5d60ff7feb3fd49d3f0c1f21b1d07140c560418b6b8
22495,development,8,105,243,15c11b7133a889c45f128273a25e5d88de80792bd6d4d2593cc42da4b3ea7f66
20796,development,1,101,22,15c43bbf70a36e32002f518ecd5e5734fb4a7d917daf06e17715a0ef02bd95de
90198A,development,1,105,85,15e37c066a298776480943e2cf1e33e1caeb1686ed908e69e2f2263d8f654b5f
22789,development,45,105,203,15f5bc1a1ba806981f5885695a54f770d7456bc398172a602464d07510d0c952
22799,development,45,105,109,15fd342396b2d5ee8e257fc67a6de399f49dd7ac18059bb56c909e06d9bc45a5
21220,development,0,105,163,1622b5c9c2ab3974354cd3ded1a2ae792b7d14a0b8d3d954aa18c983c4696f94
22588,development,32,105,506,1664aab9d1ca4478fa7aba7c65751f6fb84c7eb4c3d7986b91c8c71503996d15
90085,development,0,104,31,1686362aefed3e049fb1db7741530ebe0eabfb16bb95536e3f66c965753f9d5b
21972,development,0,104,171,1697073e013bd66420a7b9925bd1b744b7a73bfeeeed08c8bb27ec7cd36d191f
21402,development,0,105,152,16e48d1086506a6c155f861f8b5c2c35607ad99527703ddfa7a8fad945801959
22859,development,44,102,171,16f9ffb95f8d2009dcd9b0835758f1db3d3050224e9d9c6d988a7ba764c00002
20619,development,0,104,195,17021f001e01ba7207ca1ecc6893f80934c957e02d84dd4ae79dbf83eb038f25
22606,development,18,105,379,17041b6461c35199fedf59da4f6cebed7d40d4641cfb69cf59507a83d01a3781
22153,development,0,105,306,171f2304580aa7abf21adf0f9a50019270bc618854454b8315355a8448dfea3d
21349,development,0,100,178,1734d36aa7a2044c0e3a6506b473489ca8600606b7c7d531c569dd45bc63e8f9
22785,development,45,105,130,1740c618cf411163526a4c57795e7090c334797111d175dea165b5d520c61e59
22692,development,29,105,609,1741347d8b812452a399f9352a0619e8a843cf6163863ce6fa4e5ac8ad103a3d
22478,development,13,105,321,174c685218ae481690dd9f8a90b12891c98faccd59d5135f3795b00d989da486
37448,development,0,105,550,1768a7343e7698738a0f2d299dacccb2d9355c5d1e8fd04e81d7e500954cdd0f
21977,development,0,105,2056,177716d980c3e8218d0e67c47a0de4c7c92287c8d6c06e43ee86c7710236c0d6
90065B,development,1,101,16,17814522862b680266a64a1b105697d65894c08c03da610fc70e6d491bdfe23e
79403,development,2,104,37,178b621edbebe7b8af6e8801a526087f78b0bbc1eaa99f0153b0b1fa872d17c7
22710,development,25,105,174,1792ed6b3c1a21fd2cbe15bd0493476031eb819203e5555c8ec3f80676ea02c6
22309,development,0,105,275,17ac4f8666c979d2cdf1f4412ba92d91fce7293a88695cd8f0d709489d27d93e
85150,development,0,105,1144,17b3ab2279baf927ee9e2576eecf86e27b7aa31e28d34b259f7078a8da29fcc0
84006,development,0,105,224,17b45a18a25ecf687553393897965530e89c399043c0a25436ecf0f410d044bc
47016,development,0,100,5,17e1cdbbc4190c54e3aaf20b2be50f8f954378e936f9173ba86f400c43407663
21377,development,0,105,101,182daf389d1b0e1c3400e33e685ebc3922bdc95b217b16f7ca096c7df544c52c
22689,development,29,103,266,184244d5674b212783497e51c2aae9f2b7e10807c1703c51c3d85fcaaf354a51
22856,development,45,102,32,18857e9573f94572ce6a9f83ab7e0c805c2e2cd347311a321cca62d276646214
21901,development,0,105,721,18d050d58903b070b1197c32f1e961c408c93315475e7d42db077ad94116ae81
15044A,development,0,104,250,18d0818e3902acaedeea8abd7cf44eabd915e02cd8afbc32fa0a31bddeceb202
22730,development,42,105,782,18e79c7d4a1c061dde83d33f435bba07578a717eb8486bc61d5973dcdfa32423
90214A,development,0,105,107,191347a4b78a654974d5c4ba6b0d22ff18fd88b505c5b28b2c5d1f9d4ccafcba
21675,development,0,105,276,193811a571877487222b375dc0c6e2a6cdfd8ccf5bbb92c639b1b287246e0089
72802C,development,0,103,286,19391386049abf0270d4b3b1c74ce049b2ebf58b1b79269430e8d97c792df4ec
22778,development,45,103,212,194914aaf083da9f1dff0f5d204b080cdfa527b41eb93ea80e16214400b8e7da
22732,development,41,105,358,1951a552a3bdba482d08ed90a02431fc68de199169bde75814959d2b592dfd81
20972,development,0,105,1446,1956cac45403681dab6d382b3a5b0f8ce0104fc0f704f150ee79d0f6c089337c
21851,development,0,104,158,195af617dda4c78150b24141f98d5571671467b5416f39cadc3dbe3e3a568b30
21578,development,0,104,390,197036682e592d4d206402a8eb6dd6d2e29e51e2a2c7f251846ba593b1b9708c
35972,development,0,100,88,198c3a4f4f5a49ea83aa339911f3237ce8ba7e27ab6a82f32bd2e10650f83a53
21470,development,0,105,329,19a35afe7646ef8534367c62a209f2a42be57bf1cfcb1ca9a477eb41b1797aa3
22511,development,14,105,114,19b797ee3dd3c4b4257f4365026f5a6c7a8a257a88ae123fb767ac3fce03c34b
90176B,development,48,102,4,19dd1db8fc4713a11a17a9bef742d1dae311f843d55bb3ddb1fe5e90ef895934
22418,development,22,105,614,19dde863a88f6bed7e6be0032e31dd73d4912f13351dc662751fc440bfd92e48
22846,development,45,105,357,19ecc5e55bb86aba6a59be27548fc4803d9a84d6ef0f4ec725c03ff52b691fae
22635,development,24,105,505,19f0d942a0586ee34b487737dea9f8ab70efdf7f9e4651315d05b087c7824e68
85130D,development,0,105,111,1a2b2976197f9ec7db393acadb936755007cea9a90bdf76c2c923d456d5ddc1c
90160B,development,0,101,29,1a5112e9307aa659ee886be25ccdc3576a8de3a9ee9c5763f094fa765370d372
90201B,development,0,105,56,1a6622cff96456022ffd6c2282fbac82ff6f833f353c3257f0b2f36f3ce0af20
22668,development,31,105,585,1a85862c79a9b030d65b6d691639b4994a9151864d0d799179a7ca3d93cfe74c
21429,development,0,105,1044,1a935af6af34a7b0cebe38218dc9acb1d11020fe17cd5529c053f36debe64da9
22407,development,16,105,75,1a991564f56d0d09fe4300876d3bec3eaafb79fa89f7d7bb18d9789e115f2c37
85232D,development,0,105,229,1a9a3547c595453645ade305463fccdc2839f0c4c2c0b2a096aa13e2fba4c1d2
90214S,development,0,105,91,1aa775afff2f5f253f3254e01a76a766fb25188a3c45f849a3eec500bde7f0eb
20932,development,1,105,81,1aa8a79070e8655a2acc5764c0523461a9878862bfe3ffcca6d5b5ca1095f6fa
21128,development,2,105,59,1ae98ed6667e21e015dd14edccbc925df28a0575c326d3e07fa90f57c45b7c64
21041,development,0,103,553,1aedf14a7bcc1dae871dc90214e23f4cfc8923ccf335e5e365e90b293ea07ae9
22072,development,0,105,535,1b1c66dd3c3b959570fb7c8eac9ea7b00a702fccab55aea160358d7ce81dfb34
22781,development,45,105,319,1b241b1cad0a239ef843224422cac011ba87ff9ef7662d7a0c7a91a640fb785c
22110,development,0,105,547,1b30a6373cad12ab8474e13036207540eab9d0ecfecb7204d101016ddba54192
22791,development,46,105,459,1b62678d0db343fad25d0c8f9d5c5bcf51b1f0650e4df16028f665ec8decf337
22109,development,0,105,670,1b67e2d0a38ae1345a5db948f826af187f4001d6faa1bde408cc99412cf9a18b
22580,development,33,105,507,1b72abe82ae45c244a170baddb463068dd558d03209ac6d5ec49142cd32f21f6
85093,development,0,100,154,1b788ebc0a9b8578d9e95d0193dcb6a0f20928ac53bae778938add869f8641d1
22448,development,15,105,124,1b799d53fdb4a8e47e8ad8fc2b313edf25def1934e92c85cee64d605a35198cb
20762,development,0,105,142,1b7a6be9a147144bd34915a6b3d319eb14b3d87dd2fe2f6906c633c822e5871f
22738,development,41,105,531,1b830dc78701287d32b18d1f8df9cd5624718c0b710f0e8b1456cb082518837e
22097,development,0,105,255,1ba67bdc853f3627600ff188bab658f7c62b5a898d808d88ab69300fa95ed60f
84192,development,9,104,40,1bab959494246bc23193813c69f08c45421c68adfb1ab83a12498b4519b12f63
22699,development,36,105,1473,1bb7ae30744b8846ab1a118d9095dcff141d3ff813f2a341c53f2885f11ff1c4
21039,development,0,105,233,1bc2906d147a271bff6288a381c5fefe92d6d2ee1bb4d648d189855dcba363a9
85123A,development,0,105,5729,1be553a1e470d4b054332bb64af0d56601f0929fc77fe5f868f4f5d7e5f3fff6
22331,development,0,105,451,1bef820ff16119e1a87e261ab4e21ac257fabe72b07d7907e2474af9232e56f5
22376,development,10,105,259,1c016b0c2e0112dc0596880315dd07dc320a63ec410b8da8bc686924fda262c7
22507,development,14,105,917,1c01c918bc40655accf6e98e7ead9b3c7b9a25ef6c1269f445569cb821f2eb4b
90011B,development,0,104,15,1c036ecd54e1df75aa69cde167215ce1653b617e7d907b7ee19b9cbcf9e4b056
21379,development,0,105,128,1c3bc48a20674043bfda0992e45d6a011ed1d2ac89013e319cacfba9d505a921
21030,development,2,102,53,1c48340921a97f582b9bf8413e7dd452595a5a2f4248c34fba76c17169f52881
84509G,development,0,105,163,1c765c8eaba9a8e5d233d0df48d9b6816f773f9350057c84df6bee133098fb64
20979,development,0,105,718,1c88b60d707538c113c8c103055f2cf20fbe14e385a3d835baf06d9b9995c324
47351B,development,0,100,14,1c97c7827f7c4165cabbc666ffd734800e8e7b4c36ee83017eb7116f1027523a
21561,development,0,105,528,1c9a66476c97be13237be035619ba085032ce5ca177e637b2a80ea7d17602d16
21455,development,8,105,171,1cb15bfbe126a403d032cd706ffc1a33998682fe045316165260af5ee4c814da
84380,development,0,105,1146,1cb7f3f66f0f9ea6a8363917325e1961141e960d7175f50809483342b2fb9e63
22383,development,7,105,2472,1cd483379ac8fd50a8a459d42f7bbf6e649cdcedd75a46a955a730c48e4f356e
90013C,development,0,105,60,1cef9a3ccf3ddab01538a58d2c9f817a95dce8f70935b14a2f881a8d7c874b84
22615,development,22,105,194,1d0137b202e5cfd3a290e653cdbc00ed7a01457b4e0d18dbb4e0127401c11ca0
22321,development,0,105,314,1d14bcf93af89137216b3529c2e9e2a11f66bb170b3f26cd3da1b1b702686f4a
90016A,development,2,99,16,1d4377bd56f07c7dbf80dbb9950a78fe857f5f4c9e54584faeef6f7e6f828aed
22962,development,51,105,380,1d577f8fa7476b63013f21a85c03a6c04242ace5f6182555662ef672bb535245
21726,development,0,105,164,1d8a142e879fd9d8a935a9233612cf1738422c70507b06c2b95e8625d2fc6b84
90210A,development,0,105,21,1d9ad81e63fb677fdb778586abca32d9f7035d42f3b7cf692d0ede0aedecd197
22608,development,12,105,171,1da1b6532dc70e967d36988df096fa539db6ac7fc5f1a289ef7c4e649cdd75ab
90184B,development,0,104,48,1daabedc5c8603954f4d53e6675552cb279f532441083f7be612c25eec06659a
22976,development,51,105,162,1dbfcdbd0da88d4293240e040fb99f4571fed695914183aa177bf284ef938412
22972,development,51,105,265,1dd11208d27012f78fd3eb67b6c0f1f271ac71ab93026172c57aa5c30236ed9a
35910B,development,5,100,8,1dea99278c87c9d8d75f4398fe6d26fc7c06ce723685cabf2f216363bbb7258e
84598,development,0,105,221,1df968af6bcb2f13193505758ba0745cdc38c0ee23ee08c9be5d04ce567b9a3f
21358,development,0,105,226,1e0e13efe55b8b5a7b3f6d359cb740f35d4a89b3b20c6073876ed96ba63e2252
21844,development,0,105,506,1e16f491b5dfc9cc263e1148b5f985a43bb2696017616b0c24df46b125c5e05a
21373,development,0,105,61,1e2af5c592561176ec7f80d00af5b19d4aa51546cf6e0e7b597ac7aff6f3eab5
22534,development,16,105,620,1e48b3a32938ebb81183652bb5b88a39decc380f6bc3d98d34c5e8654eeccb39
22041,development,0,105,577,1e643274e5d33a9b8a7197093fb0b264edee627094416bbad9716054649b57d5
85216,development,0,102,189,1e6ea79ea53fa8169f57b70ccbe02ef2b9a6f709208e3e54a57824e5b8c6d48d
84596F,development,0,105,627,1e7517b35cb4ba30f173e7cda4dfa9b285140fdf8634e77a8d1aa9e398e8867d
21162,development,0,105,289,1ee1aef759b026f79edaee0efb4d6d8c40a56123f4c77fd8ff0f230ee98c1351
22438,development,18,105,184,1ef4208132497392b98a12fec6f69f5b31da8f72644e0e7d46c493afdaec4cea
21167,development,1,105,118,1ef626869807e55bfc64095311dd4c31e0a69c719a239382a65e8d90d0df68b7
35648,development,0,105,149,1ef6a29eb647a2fa5d298f4f76ed8295bcfe95c4820f0f986efe35127923b972
21240,development,0,105,781,1f08adb7a0e509aef6bc309e2ee8c85ec8b51314a01546d1639c84227f767ea8
20668,development,0,105,390,1f23956a5a42c42adf3a0d5a2c405649dafb91a9833a323afe1270469a59ac1b
21892,development,0,105,865,1f4f00c73749a92cb13e3716ed88cdd2d3834d42f661c5783985b3e646d6c175
20682,development,0,105,607,1f575e93d0d9e7d08ee6543a6bad0eed73b7287392e1ed201f1c2ab752de374f
22120,development,0,104,371,1f5d079bf9f5eea763455e7d6041b121e7f2409b9e20ec6ba0e4f470f9a89074
16218,development,1,105,101,1f6ee295a82ca1ecc1b45b40b07c1896b3e2e34bec0a1a69dd77fcc6907e73fd
22938,development,41,105,286,1fc6cfe30f792097c3b324e1fc88130df1477697ec591265072299d331073cf3
84952B,development,0,105,48,1fcda041566ca19efbd420cad5a9f0ced7e8c9e8ae0d8743deb2f0ad703edea0
84968E,development,0,105,112,200b58c3495b928c2426f0b5e804a59a026d075a2add3687f9ab59f7ba73d066
22416,development,9,104,178,2055a2120e18df59791c0fb7a05869677fa60ce7e583a1d30f61e60a38a39682
22663,development,32,105,700,20935eb8f0b4da6ea32ab4ecd66f026d892d9f9fd2bbd9c46c1e742fc54f1f6e
22190,development,0,105,259,20b05c4affb83b981e92cb6ebcbe99028b563141a3d30bb203982f41cf039d6a
21208,development,2,105,123,20b7cc5fdfaba232908ebbd36830bf1068be8d8a58d06cb1803bedb6af221fab
22887,development,45,104,28,20dc2f16a1b97e7e0de716994e1b0909287451eaa5f2b6516bd033e4520f90c1
22587,development,14,105,328,20e15bca7916a5b2f08f9b465d45563d05d40b7a5bc51509a3e0ad4b6273db16
47421,development,9,105,82,20f577db3008086626b50475313a2a11273f3a420991f274c042813394fc2521
22071,development,0,105,267,20fee4fe1ebe85c7b35298deaad7f4447a3e2d44676db0b84d87c9cdc782332b
22748,development,42,105,788,2103410fafe1d11a89f7334121c7b86f0b51cfc2555c72a10546b43b3e20d03a
22832,development,49,104,87,2111d28b5beaea645925dde9d2461542f4ade362110b5c1120edcd27353691d2
22811,development,42,105,149,2116836e3e8e984f7d8e5832244e91a69bd0f37bf390fd6e10d5983202ec6b19
90093,development,0,105,26,2133a1fe29f714c4ac83db8665062518a8ee1e84aff6a5be4568a61c0f277240
21471,development,0,105,322,213909e47a2432f9c89d3d684577a8929631b2edc2a2167108409a31b212a621
35810B,development,0,104,69,2163f14fa94d0c79c7562e4af5ad4fa0df3caa2b00aae40c7f6e2100bf8818e3
22669,development,31,105,458,2197306736a1376e81d3a410c4daeaa9874a7b07aff3ca6df65d1151aebf8e4f
85023B,development,0,104,38,219929f2b727032e8fbf4625f95bb375c1e856fc761bc4e3f8ae89163d423446
90166,development,1,105,32,22015b6866c8eb6d7aa179486f37a94469d15ac5477b3f9f8c5d5b4b4173ac65
22183,development,0,101,220,22144eb42a27b0997378b8ae039a49b9eddfe7d5a347c626fa357eb3ebaab059
22497,development,8,104,290,222867c580ee2269845c524080cd872ad8dac78ec191d78ecd43b4cd1eb33693
85035B,development,0,99,143,22292a7ef4a7d17dbe18c1c8a5b470b72d9a012e0765fb52180858c728b90db2
22300,development,0,105,545,22380f113f6e52135536f935ceb566a5879a9f98f7e079b3859f84c8cf1399bc
22928,development,50,105,121,224cd4521f95eacfbcc93845f0bf86137aecc74d818028586452b3c9c37c97d6
84748,development,2,104,94,2275d863eee128898d334a656a758d01edd6f08eeebfc63178b4c84dffb533d6
22033,development,0,103,128,22846f2d254c2b7cc4106b98e7af31bf698b0d059dee8dae58a4d46ff17d820b
21849,development,0,104,143,2292e81866a986936239236549186136222a97690ae90e768b5ac8a4b19218f3
35001G,development,0,105,107,2296ec24a7b3cbc8cce186af8116ebd5ef1025bf9078b9722a97b26bb54e2b6a
22541,development,16,105,68,229776ca240e4dff02a00d4e06493274e5eccf6cd5adc148eba5cf32cf3e0209
72799F,development,0,103,111,2315327c052379df19e1b3d5eb6c8870f4d9878088d6fc7131079ada3b1914e7
71050,development,27,104,8,2317a2877a59ec4615ead22a626b97a6d7ac29817dfa2a9076996d8c2234953f
22786,validation,45,105,98,232f13c2446b101bf511c3202358f2871215118fc1892883b5b30299ebb019c4
21370,validation,0,105,23,23333bd1e11a0b47bce3e3c3bc2ff9576f8142c1a0cda3cc37109743454a244b
21243,validation,0,105,509,23764919aecac6f6855b67eaedd502d023dc04f2916fd76b0e5ac52bcae42ff0
22890,validation,45,105,272,23a37562f81997b6405a326b75fab9b5de2b42ac8821b21298a7983d34f43d7d
22918,validation,50,105,267,23bb55152cf265f912cbac841cfa12a66ca3bebc66685386a101c9f31003be13
85124B,validation,1,103,107,23d60496c2ef06e75c6742ba12ad81892f55e89f8ec09fb6539413a657f4d12f
90014B,validation,0,99,29,23fa588b534a003f7ec40e441d614645eaa65482290f53bd98fa5dd144fa612c
21427,validation,0,105,127,242988e81f4385571fbaec4e3e050316fa3a5d250ecf856a483865f8dc388686
90179C,validation,28,104,17,2437e97d9d0c80839a9d78130383e44948e32eab3b617019ddaefedf20f367aa
22702,validation,29,104,97,24488de47b905da54b138650dbf29beebe12e0249000b4966f27c50a0960ebb3
22653,validation,32,105,396,2458a1cc45ea096b9d1d73d97c08260b16fa1cabcc2372e70e20d01d81c6192d
22796,validation,44,105,325,2473b59115a56b681b8a3fce2b89b40dbe02d6eea9412975a5749c6d7253bcd3
84519B,validation,0,105,216,247a15cf5ae8af57975867bd62bccdb4db5188ea7572a95ae83173e5e7a95d6c
84679,validation,13,105,4,2485d57c8eccee4143cb768739b73f7839f991d2e25bc23e1a758ee93fb21d2b
90196B,validation,0,101,15,249bcce2e80164520bf1c3db8f8492d6e18672c38fbf38cd26e9b7d21ccfd0f4
90144,validation,0,103,33,24cb836bc618450cf60d6b9de1358292b9d33b1fb9232cac60622dc99df95544
84077,validation,0,105,1039,24e6b9c831555b85abd80a8582db26a643d51fd4bec2c74931849d2d1277d916
22576,validation,32,105,363,256519641dc031a8a80628b8655222a0b360e3bbdb6eacaf2a426a882cec6d61
21673,validation,0,105,781,25aa290fbb625a12d1526b8c5c907f74925378466fe14d6eec225e83f2927209
22283,validation,0,105,387,25d55b5f6abf3c38b303785e0dc743992e258224473e21aa1e88b3049a5eff67
21116,validation,0,104,551,25dd62a5972110dd67dd3831e12550198d9cea6ccf486975b9218c633027097b
22243,validation,1,104,404,25e250d6b1192cc2434b35a195448b010d5c0958ff521a40304aa41d178b42cf
21591,validation,0,105,394,25f3683822a84d073324cc31f6922172c122747a37709eed089f3aee8a96ec34
21618,validation,0,101,148,25f58be8bf8e82fd4413626bc342a192908ead7a7fbce558c0a9a8b7b98d0841
21520,validation,0,104,113,26073d0d68afc64e425a1fd4f377445a934f06ce93ded6180cfdf66475978826
22571,validation,33,105,545,26076f3d112b8ffd75db7848d924ecd159a53065e5cdff966d250a41641ab6a8
84549,validation,1,101,16,267e73325fe578447824b932f13c50107c9f6c8fc9d4f1baa7133ebf8734705d
90003D,validation,0,104,32,268da7faec5d9cc7c404e138723a9c991eb16ea74d341d25b8aaf354494f3926
44234,validation,1,105,63,26ac328eeb86ed40c6f17f7525837841212403d2e478d216513e271d0626a75d
90183B,validation,3,104,25,26db26c3f67e335a413fb4c45701b58b688b27e96348e9673f459843c59a3e37
21306,validation,0,104,71,271078b64ad17835316380e31460986adf6e9eff32cec137cda293c7541a20c4
37370,validation,0,103,542,2710ffe3c4367697c8ddcabeca7f70b6fdb535fc67817e9c7870e72e4a9b0931
22868,validation,45,102,27,2739734f8e7d29b07ff6203307a5ae1ed4ad0e860f57995f77c2b7a98a49c0ed
82581,validation,0,105,934,27591a85a4eab0c42646bae927abd6f4b33f49fa7ea7e9654b0e548128a94438
22294,validation,0,105,918,2760b9c1962386d0f890767c9b773ead6ba45d5cd14eef4f4aae244a025dc724
21158,validation,0,105,328,27836c5caddc970c60c270b70f2ced71f2dc4c540fee61687c96b9c25134ff5d
21086,validation,0,105,869,279ded50304fbf55f8f0492efbb3189ef171e6ae5802ff73ff574421dca02c50
21034,validation,0,105,2042,27aad59b0cc5d181cdf89c01cd1b155c79f99ed748f51dde51d1f7e7ed3a60de
90162C,validation,12,99,16,27c2955f0b99af16b5409266e405f01eb017b4eb4ba9047b22ce42c9aeeca7ba
35923,validation,1,104,113,2850fd2d9791822471fd8ddd63a94e11c79d5ec9c0f2255e7fb14c08f57b0f63
22471,validation,14,105,188,2876adddd3e061c8408cd34fa1ec95b7032b1fda4c138eae094d42381ad34a6c
72801G,validation,0,102,69,2893a0e404228113a245d4b01d869db77d16de42ec045d4e979d2b64fbc6e515
90059A,validation,0,105,50,28bb365b5ac712b2fb0558fa3ae5dbf708d1440af7c521e7a2a265a7d412e723
21155,validation,0,105,988,28bf82ae6f645dd4a9deac0ef50e66dc4ab43648d8a975d0cd0c4f672e5a03a3
20622,validation,0,104,132,28c1fcc2668842f7e21dfe9ed5498910ec3220c7d98ed906b614ff360238de9f
21109,validation,0,105,233,28e6ac2ce527d27e4b4d0b2448523378ae16c389a050715722f5f6eb410038a2
90192,validation,0,105,56,28eac240d57f9f73dc3a296bf3523a0a8eb63baed8d2c9b0aa8fc4c927f93840
22439,validation,18,105,378,28ffe9d27b8a8c148b9d59625f15e8b36f6eb50590309adb7c79aaba7b3296e7
35818B,validation,19,100,11,2993ed341222c29e024a148c14dab866c23b6b26e8a6d238c40ac90073f85ac5
85172,validation,0,105,158,29ad3b1e8b04241e0c1be64d865cebd75dd697166236635df84f87ca9f832b7c
85071D,validation,0,105,115,29b6e16adc812009ea07faac199face186d16c54ef521a219967e948b7ff73eb
20698,validation,6,103,22,29c3b2802285ee4a600574bb4ed53e2caef44e2dc327c8a783bba9b74248ef4b
37446,validation,0,105,425,29df3f20e680bd0389e26578e642b4a3d4ae98c21471ef5182966805dc1907c0
15058C,validation,7,105,122,29e21736858ae8082bb8c0ddafe92eb096d03d62bbe84f8e34afe688d85ddf47
22031,validation,0,105,143,29ea3534e985d0ccd23419a69595aaeeb3cfa302b300f6780e1ce10180a289c6
20996,validation,0,105,342,29ee5c07661300bf870818672555fa06eb749bb6ddc1c018eec5706a8371a9fc
22604,validation,33,105,256,29f9811de15c9061ac0da2b20f19730964242c741a418dc418091d431f5971ec
22912,validation,50,103,119,2a20c302f58578bf6537cb841a74bb6b18b5bc741bd11d61889fb73f22c3ee52
20749,validation,0,105,793,2a58bfcfff95f58af7509349f844427e95f50d8e4609d78cd8e2093a083ebab9
22950,validation,41,100,356,2a6bf059d3869cfc6c99487adc5c9ba5c2e20600376d384fffa6462d004f90e1
21090,validation,2,105,280,2a8eb774de819c174d1fc045327c42d243a107bf6b98f194437ebe9b91390b5e
84550,validation,1,103,5,2aa8676194e393ae573e3a0a7ce97edd15d396fa2efe95ecb32fe7b9a7fd26e6
90040C,validation,0,104,22,2ab7ec99754693e5880361b26946c42c128b93eca0d8d49b945be766d4769442
20712,validation,0,105,1446,2addc23b085d0cbe4d570b872d9b1f52f2e70733fe12bebde78bcc828fdb855a
22082,validation,0,105,1006,2af97870efd23feb8494e4d98dc9e6c2ccddd477d1557b3a26ea01e46aa8fa74
21926,validation,18,105,147,2b3f29d580ee97cdfc8cb455b97aba0f9b4927116f4e70465830b14b9954b78a
90033,validation,0,104,19,2b3fc09473ecff922f13211f09192a36e14c2f860327def56ad0c3830834bb5c
22307,validation,0,105,125,2b485edc772b9d6323c0debb88647bcb835027abcc4a5388e37a70e704d742d8
22230,validation,0,104,196,2bcbd52eda3cac0c2d8b328e235edad50609e9665beca8c1a14f81e7d26a6707
22453,validation,15,105,150,2bdc3e58de441a2ac4edfbeaa6db8cd0e58557858e9ccd62c8b2f911ea3aa00e
22804,validation,42,105,703,2bdcef844b36834efd2ddef85c6b7b9da1c69639009f8692774c0c62019263ae
21369,validation,3,104,24,2be72ed1a1d1e935fc141bebfaf329bbc3cdde712e009fd27365eab4bcb578c0
22645,validation,23,105,772,2c094971f0ba2beab8d124c2be9fcf33f0ad842185e1f61fd87de66242bbf403
79190A,validation,0,105,122,2c303bd6f841b6a1b082315f587122ad86ba984fdb53c74b3ca17cbd44abb928
22498,validation,9,105,384,2c36049a30344a654bf24b217e6276ffb6f389cdaff70fdf8ed48ddb81d9dbf1
20724,validation,0,105,2082,2c6ce93178f37044b69473655a40ba821f9fd3fb188819986ee246e98767188a
85089,validation,0,102,30,2c7856c675037b1f0f3932dd7f31f297e21aaa23ceee74c6bf31ac1f10cdcd38
21723,validation,0,104,142,2ca33645f5df6b52bda7196501995e4084a0e1c5ff36ff6377cd7cc84e9391af
75049L,validation,0,105,353,2cc4283ef44d7e8d33b4bff4a64647306e24ee2aeaecda54dd580641058a9987
21317,validation,1,105,77,2cc78d631a3b2af9b071e25207a72b50c42431c7214b904e5ceab4790de6fe8d
21202,validation,1,102,67,2cd98f11c4e910f007c4ba2571c7a2d075f832c3f543424ac6897732940d3dc0
22929,validation,51,99,17,2cdafc2c106183981aec8957a263a8343e6100dcbe03845861d443e56b24d647
22728,validation,42,105,1015,2cfd6b76be54c5a8a9929b2aed9bebeb3e7fc65fd619b50937524266422069e4
22089,validation,0,104,564,2cfd8f27a0948f038a944c97b55bbf106dcfa4b765eb7fef5d3c1348cea4a834
22530,validation,16,105,491,2d3b20c6233cd91798af104685b46206b543b50ce66050efdd403d3ceeb964d7
85169D,validation,1,104,89,2d3e946ed68622a296b8c3b8799df73c7864aa0815ea8d503cff8fc51e8fc5e7
22829,validation,49,101,123,2d4209fa5e74c5ddad38c5f4ded08bd6cd708abf86bd1e34adffe7dbae5f4da1
21684,validation,0,105,109,2d42e3bd23a0a4301d98d614bf06cd0760a042a3fa76c7a7d99d8f05446e03cc
90089,validation,0,105,27,2d5cb34e97b6981dbcd5be2c5b0f9ae4cfe93f85bb6d96fced8100ed8ba5a4ef
22646,validation,23,105,920,2d7e9807468623a3fa5616fd74061d3ec5ea069fe846db903666ceee7baa9bcd
90103,validation,3,104,30,2da057403bb812622d31e25b0d5c3f2321de87b8f99caee61ae58c531a382ffe
90049,validation,24,103,6,2dec9fa4b6cf07a5992ee46245b86138e282541a0e2973bd61cf23280927d047
20723,validation,0,105,1408,2e018669bbcff95c1a249c699ba0b39db4bc92131d9e7471dc3d92c502e7dddb
22776,validation,45,105,711,2e2e9189855c97668fd64bc617cc6134be84eed80f49aaecd3b38b4f4c2b85c2
21881,validation,0,105,120,2e4cb8d45b2341dcd2f0d2bfccd0b350746b58e94e8f1b6fc7d6abc47cb0a207
84924A,validation,0,104,65,2e56a122d9e99c9ea56735a83f5f789ed4a553d09f7f9409175eb9583c9fd358
22413,validation,8,105,904,2e5af337cb9fdf5ba00076e54729f978730a5f039fc76cfabfef29cf23229cdc
20719,validation,0,105,1605,2e8e4c4d5cbc5b440b4911f2e203f851b7328d12aa963b4f0d366f99caa298d6
21945,validation,0,105,253,2ee243f9cb9f75827167af60b43761ced0efe4587c2eef6a8d6b995386a1d679
22949,validation,41,105,182,2ee5fe35b879b70c96bf0645021f80ddb45efc58337264359040117c8e35b0a0
21812,validation,0,105,213,2f03c38167819f736a15bd89472eb6ec52adea1228d44e6e2ae518552e771115
22128,validation,0,102,201,2f0b6ff806a1ea54a5d39b6ec195eeca54f660baaed978810d97973b9c7bf55f
21555,validation,0,105,135,2f56145fc9467fe799e9d6ceebaedd1a04f8aa6a4b3879447af953a688e120b3
21896,validation,0,105,298,2f568a22eacebc565a2d159339562037fa0856d1b159f15655c16b19e7085a3c
21621,validation,0,105,1319,2f59bd531bb61e14cb15ea0ba41a0532541ad48743911ac163929f8d1338dd36
22315,validation,0,105,399,2f6593b77b177b5015f2940907036da6205c216d4e2a31cab208180aa8038e14
84915,validation,17,105,41,2f98c5680a1ddba43faf52c01344c4956e55665c67da4764b414f4da112c7d1e
84968A,validation,0,104,213,2fa2cb7778d8c41e1ac7550713d7cb362f7a6930f3aad3f0c1fe5951898f8192
21642,validation,0,105,265,2fa8d8d86b4154edc89eecc7f60731e220e5b45a58492c01b82725e7072abde0
21245,validation,0,105,311,2fdda8fc78b3e6c5a3fa8c6090adf4494f4cc1722f702c672db953210fff708e
22337,validation,0,104,156,300749997411fbdc43506981a09fbccc5128a4960f869d8def4316f7effd276d
84569D,validation,0,105,186,300d3f2aa9e6c819692f4cfb344e07a1f0a4d2f6e1f9584ac21c999c412ffdfa
21390,validation,0,105,607,3081fb596d1aff393c7b3cc081239ab921928179e39f3031de8d2cc8a7852bca
47599B,validation,5,104,294,3087ca3b09c1b944c4fdb647b8cf3c4233863256d9f966d30f6809a60222f4c0
22465,validation,13,105,487,3088b15d2703bd2e6d0af143a631b6d69ccfbca49d75b1e7be029a6eed1ecadd
90071,validation,0,104,76,30cd24a37759e2ff6ecd727059c15ab1b3b260e3a575e55b00c20868b38167da
22311,validation,0,105,316,310cf2773972a5c2cc1d14c444e343193e6c81ff95533ec654e2322510c537fe
22735,validation,41,105,254,3125e476a2a1ffe082f5c13c36847ea9030cf86d214a21cfa6b5e9a5c1a10657
21558,validation,0,105,795,3139c320275e83c5bc6ef817d92873b14b5ee8b4bf7a26ecafd2577328a2aa12
21401,validation,0,105,125,314b1b0e194bf342e922dbc7d60d47f94d388197c295153c14e49da64fa9a779
85039A,external_test,0,105,305,31bf8ec5f6cca907d633721121fba0638b4cdbba6efb3b54d6f95fa72772aa22
22763,external_test,44,105,142,31d7f307da21bc36aba07dad2ad0ed2eab983c6a648432fb1d8ffbcbcfc9ad87
20838,external_test,10,104,63,31dd035e2a3fcfa5ca641564a37117ff0c150ae20cf7e8ee1ede0f8edc31ab7c
22164,external_test,0,103,51,31f72a6170f5d3acca5d4708c15b0917a63492718e06dcc253c9eb5b4786b7c1
20819,external_test,0,104,66,320e390c484d7c32acbcde425a205065fce98a0f00c90b3abe4226391388f9db
22628,external_test,30,105,354,322229f5da1a5db9ebb1ea81ebbcc1a5c0fd149bd56eabd06ce18d31a526385b
72811,external_test,0,105,22,32314757d486dce851b79a45e6e2bdfaa5322b21928c8a8eb34f9c90872ed575
21822,external_test,0,105,150,323229800be92cdaae3b715cd8370b11e61cb2a5a683a36557bb7c98ad2d7eb8
22325,external_test,0,104,228,324015682546468046ea821a15f6fd3e55955fc9cd9d83c1d2ca143decebe691
22660,external_test,29,105,200,3245489e46f700e1dd09a33ed691f2d8d7b4e52d4a783239a3c189d8246ac535
35651,external_test,0,101,65,32572a58e5000bbef9d9c834e1f220bf376b3e4a42d7943f1132c4d96f34faf4
22545,external_test,16,105,190,32713e9a89f71ee61257ca17c879e31ea9f006f0de3191f6cc17046aebb20f46
22329,external_test,5,105,618,32b2bbb372ba26e79193a6f1088e921169841ef71de4efcddd3214b7fab4b16f
79144C,external_test,1,105,100,33402a8f06f15a8f8f984191f35db2bdd4cb35f9e78d5aed0db47466cb98f3a3
21288,external_test,0,105,227,33906b155e15eb8e46e367e3c8f65e3d2bd9bd75f37fb87df3446d99f50c3b79
22445,external_test,15,105,292,33cb78ec4095d5fff8edaf6a00a13633cff8b9d5b4646af1e0fb1d25ca755143
21613,external_test,0,99,149,33d8de5e1fda6c09e67dbd44e1a466b1c5a935885d9e8c763b3f1e3f706cb39e
21277,external_test,1,103,49,33ebf561210a4d1b211fb1490dff1ded9a8b67ae72837ede3a00d9fa079c6e92
22695,external_test,34,105,244,33fee465e8895ed5f00cac4ba8394299ed9cb2daf1ad410545208cac82fcc3da
20705,external_test,0,105,53,3403da2c3297cfb444171abfdfce5e318af5c74b2fd2835d4a6939772e8d6071
22076,external_test,0,105,389,3403e0d85e05ef95d1c527974aabff0006c25d86b445c4a8f7f463f33681f4e5
22741,external_test,43,105,299,34229b27fdd547c7486b2172517b4f2cbc3112e8f234393af8aba644cd9348dc
22398,external_test,16,105,448,342c123d13d4616d5c71ca861d261fa87bbe7647ce104c7db7e58c07a75822d9
22714,external_test,25,105,364,3435844f980014c21aa115e210a16db57a2b76ccee90502cd272c0eae9a53081
46118,external_test,0,105,74,345abb284e944cfbdd52ef7d18eff31ef6142790c79ae9e12b75bd7691df0ff4
21293,external_test,0,104,86,346535990a2ee90adbe5eada12aa78d40c663a392064c00c6be871cf2eb12894
84879,external_test,0,105,2911,349df6b3cf032e50cd11357bccf4c844ce0d85dadd836a0f458205b57117152a
22592,external_test,34,105,315,34c30ee0bcce9f4fed85cba9d4e445044f3674fcc8143a5242f050779047d692
20718,external_test,0,105,1229,34e3c044751a2665bd041b72d95ba4f9c62c343b4721d00572279813fdee5412
22697,external_test,36,105,1402,34e6646705625ec8b9a0a64c70e4c13c1b3c19d703becafd3f80b569b8fbfdc1
21217,external_test,0,105,958,34f940dee45bfddf894c84b5994ef1f6d6085e979d2198c1989cbabba984e673
22888,external_test,48,105,23,351b70f20148d42e99ed39b4e82467f3415d00016da5b1c09e828998027b6499
20769,external_test,0,105,82,3520934508f4221f7408714fef21734b2977a0c784da26ef6491686ea300a858
20974,external_test,0,105,879,3535eb38bcc76760648eca0257c6d0ffb9397e56f37b02803361d3bab6ecab06
21802,external_test,0,102,343,35444fd870c523c6b9276ee057b45a4ea5e0d86b04f15aa285aeb70b4e1c5c88
20986,external_test,0,105,215,359c25d2c13abfc5015bed566255a7d595d45f0da954816ec51a1447507e0920
22591,external_test,32,105,210,35a5c09fe1a71b18ff5c52e2b0088c8ba397d22d7079f044d24d7d098b085065
22546,external_test,16,105,184,35b26c5bcf22a619907885a0e9e2173659981dcbbffc22c1c451eed7a34081fb
22260,external_test,0,105,253,35bbdf4a83ad5a24927e37df8966b671923aa2b2548ce95f761b37b349ec1d44
21519,external_test,0,105,561,35d7a42b4895d7217a822424e48db668e055949262e190242ae48b56824e7ac1
22961,external_test,33,105,1280,363a445f91f1e3d1a91b596499c97ee75cd55b5c1ff1268b88773a9032c5a33e
21617,external_test,0,102,175,36402421d16ee3908c2946fe664deb9ee97db81d4771d7f58d2cae38f63cc6b8
21062,external_test,1,104,139,3664fc86d4bfd98ec56afa2c437798e7eababaa8fa462e58c66d5b8db9e1e829
21793,external_test,7,104,103,36705c953c5505bc5dcd1dc386c11544ad6c40190a96cf9c159e67b2613372c6
22954,external_test,48,103,50,36746b9b0f143a3cf6ccc2ef7bf28381c5d0838a834974ea5b627c9f676a3f9f
22308,external_test,0,105,218,367486f04b098b33a10c65682a39c154309341c7313c67477dea5367311907b1
22390,external_test,16,105,84,36965c1f35fb20cedbea87e23b42fd3afcefdddebf0d92d0e3c8652744a1df59
46776D,external_test,0,105,76,36c9ccc05810e8812d7fb389d3b569c68fd19bad49f79f73518823dd79e55a6e
20961,external_test,0,105,538,36cb0cc7866f7c584fb4ca6d2469c89ee170029d7858dbc04f6a4b4cc16a0bcc
21248,external_test,0,105,158,371e5ad53d5754aed22d0ff17d77accf4814cd6b2f966e87a12847216028617b
22430,external_test,23,105,367,3740ffca826d77861c0a359ba2de1ccb0e62b9167be821c166c8344b4ee27546
17038,external_test,1,105,56,374ce301a4d5258a77a41534fcbbf1b0dc768db72efc056e08042b208f65c9ee
22115,external_test,0,105,511,37748abdabc306732b96090325d11552b8531bee1b4dad23a5704d7c6865950f
21818,external_test,0,105,319,379011e8ab5f01b295db14f4675a070f1f0c579c91dacaebb0b982cdc4300175
21683,external_test,0,104,157,379238da875584a67fbf854440c1a032b30600961389d1fb8ca2fcd359bec5dc
21733,external_test,0,105,1840,37cb720b9e305450eb54819ec43c08ef727b339626d7d29bd768d82b686b587f
22255,external_test,0,105,150,37d8c88dfa1e1ccf4453af3a61ce6effb0c46393088011c5f6231e5e0d05673a
20768,external_test,0,105,151,37e492fd7874c23d94944f2668c9b9091d21164acb58805166c47167cd3a3f83
17012D,external_test,14,105,118,382c53f8fe71bde3061f86845af8cf4fc05d59f8f0512169078853f4fb5bfbd5
82001S,external_test,0,105,266,382da1d32c1edd1cf6feecbbf0cc874fbb8c8ab70346a341b042c12f69daa2be
20886,external_test,0,100,320,385f24ef9f040e87f2fce2bf2d343774e5bac51172b90cc8177b694f0b6c20f9
85062,external_test,1,105,352,388326a3258aa3a319e2612da890937b3231a6585377e6e8e397c4b72c125996
16161U,external_test,0,104,320,3893dd26012142e0dea25c2feb8addeea711b2c9a1062babbbf9939a79234345
17084N,external_test,0,105,191,38c786c3cb184db6db853206f0ebeca13e45b6f0d4d59f3fa312ebbc3a5d8516
22252,external_test,1,105,117,38cf81a7a149abee8bebf61459fc955103240890a27a4689e4e4dcb287b1e9ed
20777,external_test,0,105,175,390dff9301a3d3ae8a61cde23c70898eaa6cb52830d49da881056b62d195a0e1
90039D,external_test,0,105,25,39433cfc82f063a72cb90da933e21e6be9a53a25d9aa03f707c9f091d907d34e
22579,external_test,32,103,592,399ba78179c8214b42b55987476e011fe4db459d928cab4646c274b58b8cf9bb
21452,external_test,15,105,432,3a0c35cb19779db73dd565b8be30f319abd4603a70c11ac36bc1e93ac7dc12cd
22116,external_test,0,105,202,3a2cc6300eb77e099d476e0041f1a4bd5d820085f5bd4d2cbdfd3fde587a51de
90190B,external_test,0,103,15,3a2d8798fbbd1e7d97e187201cbbf11d88fae4ba71730b10e6dad4c6d770d045
22852,external_test,45,105,160,3a332b34004c453d8d100ad9f612ff461f08f110c486de4f2d7c4127cc886084
22594,external_test,32,105,430,3a71dd324b73c94ecd33d568dd8826d5322c64a09687c8100e93a987dd46baa1
21291,external_test,0,103,160,3a7f79c4fc46475bba910bf397e6681f6dff1c00fe41c1068ee5125888ca7b40
84519A,external_test,0,105,205,3a9e012af9b670f4d39d69838b3dcff40accdfa39e924307b3a39d09b870dfac
22107,external_test,0,105,391,3aa96c517862105922df0a789cb8786888e4631d772557a15af3eae1925b26aa
85177,external_test,0,105,148,3acdfe5a680cb61a572bf756c66d09c359fe17c388fcef35cd51629d757ce1ad
22870,external_test,45,104,48,3ad285b85e24d7ae53e0b6997fc47ecc39686299445803bec69fbb79aa50a625
85178,external_test,0,105,332,3afadc4efd91846a9867f4d4d6e531493c6bde29d45c2a09c5a4ac07aef1c3b5
22442,external_test,16,105,179,3b032a21b1138d7dba6b7966e888c67112ec198aa4617e19f90af7e8830230d8
21626,external_test,0,102,210,3b0dc126c68b2f086d1236e523f258bf1d644d91f7d4815c389dbc03f1d24017
22339,external_test,0,102,155,3b6b3cfbcd911c0fe90da8d71362c86d5aaf1825fd90b9e027c193c915c9855f
16156S,external_test,0,105,423,3b9bdd28b32791ef1ff86a81357598ff0c7626200b896b04ae06d5b7d527cca6
90199B,external_test,0,104,32,3bdeec87a0fb83168983350d95659a350f258432964d09d163a30b169f0bb514
22709,external_test,26,105,77,3bf745c9261255eac047d7aacba088997d2e7a6ab41e0dc3a585144b2ef5ac56
21934,external_test,0,105,739,3c003ddee547a3a33e7c6d4739128eda9e9ef833854f7e3a658bb01813642686
85131C,external_test,8,101,74,3c09de7428424b731232d78cb6ff07fbca8ff108161f7ab9d9c58fc7d851a28c
90214H,external_test,0,105,58,3c1b7f3acd2551bea1f74cccbb864a5ba05695da9e761252d1046986248ba2dd
21819,external_test,0,105,262,3c37163d4a9da661d4d7057a1347fa00f96e3fc97985c6354d5668ea6cfaae95
22818,external_test,41,105,427,3c88fb5df483a691139f7480dce96e5683b6010f5abfbf867abe08642dd85a3f
85017B,external_test,0,101,327,3c8cbc99093b2e4191494fb7bb233c858883e549ee1aa91da81b904b46cc3a95
22378,external_test,7,105,557,3c9d42f7a36d005c4020aa60cc9cb472b09e53afd05b5dd2c9841813c9eaa66b
71270,external_test,2,105,85,3cc648c9e1cee82637218ba053b07d518ba1ae479c7a5b370c71e3608ba9a970
90055,external_test,5,105,10,3cf25ff8c71521077edc8c239975d889fffb76a08b10dd8e04599f53ef6be3bc
22293,external_test,0,103,232,3d264bdef2ef081f3ac362204e1e4fdee3b35c79d0d7ac86b7e6e574e1ed10b2
21927,external_test,18,104,194,3d3348976a08d0c61c1253c44301effae158b993fa37f5e97e96a54a98383bef
85180A,external_test,0,104,100,3d3d5694a0bed3d4c2a9505a58c240fd4d7f1bdc6e64b13ac9b9bf92c4ebc0fd
21439,external_test,0,105,249,3d51b67092119c8ee5dcfef89176b9583bb5f72cf60eacdcef0f21bdb1ea7b65
21506,external_test,0,105,685,3da86b1f098a78c648812298ec7b2a249a6426f31bb2ee982b442120df7ce1e3
90096,external_test,5,101,54,3db167c95bd809a52fa50c55fa5581a64bb8df39f94d46d7e09dd1b0552580da
22475,external_test,13,105,266,3db7f55e9d2dd99e0e7f1557c36c58b31faf03acc78d10bbe8b593d6d81d928a
84949,external_test,0,105,722,3dc8623e62daf8c4cee80cbc9e081cb98c4331eee9806f927e3b100c6c48cba7
21494,external_test,0,105,528,3de9f7c7908a3d91b1c748ac8bfd510096bdb85641f95e70b99c839a156aba5e
20839,external_test,0,105,121,3df3d95326d0fc5d227532100e0661415ace53eb5578f1b4001e10426837d948
84926E,external_test,0,105,52,3e26018ff6318b0f16a664931f414339c3243e00e32be665765f2670b208e6e8
22195,external_test,0,105,848,3e684046c2baad2d4c0464267999dd36d97364146a510aca9e42944d05ac297d
20770,external_test,0,103,209,3eaa1db1de4787d8649948eef5a0b44493963658e0338531a55f2277dba74553
84596G,external_test,0,105,359,3ec263b031b16b0edbbe141c2406c3a864ed528de24a6243132ca3c42df99848
20704,external_test,0,105,80,3ec2e3b921137566049bebfa3193a3e9f0177f5cd50b172b6d7181bb36766621
22365,external_test,4,105,455,3ed59eef9804873a3afec76a8629281467decd1487e1cd74d1b31439f38bc08f
22040,external_test,0,102,94,3ee8469f277fd985497b3e8fd687dfe28909c8aab2ead146a08af6d6be6388fb
20727,external_test,0,105,2440,3ef52d6591a1b3f883a645ec50fa983e9a5bb33da98202aab7f672bdaeec4020
22065,external_test,0,105,486,3ef5d42cbebd223cb2d52f2a5d33999eb269957b1e6f002b24f5e6afd137ddfc
22090,external_test,0,105,1732,3f0d5c0dee951071208312aa1ab54d226a0f7a3adc80bdbead99d0b4592a5e58
84569A,external_test,0,104,117,3f12e860d0e4a3e85e0fd557d130986c127d040c0ded16ac552418ff3b0e1ef7
84796B,external_test,0,101,184,3fb6266a560b1c8b2a6f43b97eff012c5e56be9b0aa4af632720abfed049a0a7
21215,external_test,0,105,299,3fddeea50218b8b84a62013673520e997b10cc443f0cf55987d863472036a67a
72803A,external_test,0,100,99,3ff9f5f7fece272eb68328d4415aaba26f2eb302561fed115fa5a7d0f2afa963
90214M,external_test,0,104,67,40a0d72d44889b610036ee828e0a048742cb8d1cc150315df1d3608a0ee86450
21775,external_test,0,105,283,40b6d89a2e326bd3331a2ad0c7256d663bd6a27bdc771c220772de92c8dd2120
90032,external_test,7,99,24,40d8d16624431c4189c8accee89bdac584b9b5837f2e9a11cf177cdb49c345f2
21761,external_test,0,104,26,40db2968861b4a63ff1e18ced71744101b7bae2fc4269c8fea48b6f1532fee90
37450,external_test,0,105,404,413a39095b8a2b89fadf7f4592e722b6b3b2276cd4d1c5534d10cd5ac723b074
22047,external_test,0,104,261,4146f834cb6862b497d3794dc618178ead3ecc16e671ec445bc006147bc43e74
51014L,external_test,0,105,228,4196ba1df7da5a0eab3773003bb9f4bdcfd17eef66e109b30ee6ac26149ce3d5
22894,external_test,42,105,197,41b497b6d3edf415c3b6c1205b6edf872baf4d0a37b8c0ef0b0f9eb39e469115
90124B,external_test,1,101,31,41caa8729a582898693f7b43c0b5798f9f9e8586963a13b4fa966663ddd5dba4
22135,external_test,0,105,329,41ce733db2dbb6402950cef4833bed0757f36fe5c3cd5bf87b1eb9f1405594fd
22630,external_test,30,105,1380,41ce7fc7ba8b0a71155a640edf7da12ab8c84337d1278661f4e979017da0b09b
85104,external_test,0,105,60,41d31a41b2d062f65db44eba212ac542715703dd74f0d17310d485b296f47eb2
22690,external_test,29,105,444,41d912205a5d6a26864ae773c6c40e1177db8128e6db2ba22534558bf9b10720
90141B,external_test,2,105,10,41e4532bcfa6bc38f1c5aa13a9a07685ace7323ad63823fdf6c30478fd0cacc0
22121,external_test,0,105,466,422e64598c66e10f9e5ad715f89f4c5731a2765280e4103c75663ab3ed99a412
90019C,external_test,0,105,36,42384c7f98c206d88d1fb7c62e586a988edcd63ea9f4639257cf5f0092621a18
85049A,external_test,0,105,768,423f374279ba7de12bd56161e1cc8ba403085f8e6de38f9e20e80533418ad369
90199C,external_test,0,104,36,427f56e11dbf92249b5f30fc9b93c6e2bf01108998c4119be2b3f9ef14e3c5c8
35649,external_test,0,105,54,428fd16424f609f115b506846e7ca741269d889c7afde85359012be6c46e5010
84527,external_test,17,103,23,42931bd00c3dc0aba2798be91acba725e8d33954cdf25ea9b89b1720e5c2af49
22302,external_test,0,105,399,4295f29860f59e1d6f24d6f074fddf55cd6bed9155abf40ab69802af5e95b46e
20654,external_test,0,105,121,42a8e35096f95209679edf589b8ea2c4a4e0b80d6af0b530b5500f861f2ddbea
90154,external_test,26,102,7,42bbaa5e41a790ea2118b42325bfcbfe8da22a3bd4efbf34f636e78a654b95c4
16008,external_test,15,105,86,42e6798f0f66d75c64179921d4b54ad1a53544b1c4d915b504db88c3de2e4e7d
22691,external_test,29,105,219,42e84269431c11d77951ed204f2293d8a6e8dad3731c24f077d1c44b100dd648
47367B,external_test,1,99,99,42ec8db2db04f0d24ed35865396c7ba00e8aa5c1ca6633da1b1c422cce7f2254
84341B,external_test,0,102,133,430cb9a274988347df8f25f98213f6c7d965715799169232fc790f0d1dcfb725
85026B,external_test,0,105,30,4343a216e76601db7215418d5a91eb4eac0880b47329f4bc00c356dc6800d97e
17136A,external_test,0,100,34,435cea03170a96cce6db3966ce685c894a3839698c6434c15d848a672046de49
22543,external_test,16,105,123,43c388609a4995d7028eaf900ddab12d8632de376c4b34f54110666a857747c8
84687,external_test,0,101,73,43e98c98b8866fc250947cca9d393ad20fa5bee8f40316469d5d4204507fd840
90161C,external_test,0,105,101,43ec702fad298da8a758bc360ce40b01b2bcc1559745cad61c2a171d68f4e0c2
21676,external_test,0,104,162,43ef6bb81c8fed85d206d48bc5ad34da2770efb3d065d091d7492f6b8b017d83
21828,external_test,0,105,189,43f6d2679cf2c9b751194ff1c99ecfaeeda0a4acc130ba5c12bfe5212eb7c7d5
21181,external_test,0,105,1875,4417d1c9a46701bb6cba71697e6a813a35acb42372b1dd5da2297e7ca2e42c2f
82567,external_test,0,105,497,441e862e1fbce823fcd84f75fc476335c6f62709820645f65b192e3edb893b04
71406C,external_test,0,104,37,442ae3e93e6c2dd50eba466f0ca57232f9351d8a9e83d31b7640c6fc57f68d0e
17003,external_test,0,105,475,44306e62c3d02d09f36575875c867856cb89b5da3f09be2241935537b5290907
20755,external_test,0,105,127,445c6d22e1029ea028a3485a1d17f50de01d7e60594c4681a47f39a84309ce2a
84806A,external_test,7,105,20,4480d6ecf18abf30c8bf30053de005c2c89c8334d8909586c6309a9b361c4c7d
21820,external_test,0,104,193,449c0cdcbb9870cbb46304a5a08a5fbeff828cd449eee0021d6756ea6aa812c4
84991,external_test,0,105,2216,44bca1f91c1486502c75f2df82d3a570626ac95e51c084a916d255e89369e523
90001A,external_test,2,99,10,44d19841ba3d4cdefc23c354122d65768e3c5aacc7d0dbb68eececd93a3c87fc
21446,external_test,0,105,246,44e74266ef2d7a302a7e68d2e957448bb3dfed301ea8e3d92afee536bdcf2fcf
22761,external_test,45,104,37,4533c7a13fbf801f1d9077ac387723e2c6dab1f759055a9391c7b5ccbb73233d
85094,external_test,2,105,109,454f7bc80ac4ea916e3cb6b31c6dc27b6b56ef0c561f727bbfe6c8395de25a4a
22624,external_test,22,105,1250,45506cac14f8edecaaa21b2540288dff13bf4b20a9a2e17e49df031f005f4ff0
84882,external_test,0,104,36,45628b58e7da60d058b8f75bf6bd3e6b5a4ffc55eb6894397a67da5c954dedde
22481,external_test,13,105,227,45a9485876d7b9a05a2c14b900760294d264eef29c00662cf4a4473653c5d959
84509A,external_test,0,105,484,45d507726115a2cf4c744421a395d9930a2983c6d7ad6326e1f8309c80e23b93
85199L,external_test,0,105,281,45d97b1e628efb9f705cd011759916079228f16422c6854a90cc1e84ee10864d
21371,external_test,0,105,64,45ee712895418d21c229ae703a5628ed5386526d3bd5d8d9399f8725568fab87
21025,external_test,0,105,84,462b80bd7f298aa086ad9a4f2f35a02965843d02add596c808ff98c2fe8e0f9a
84859B,external_test,9,105,18,462d72a25b34c59f590b724f7a24f4a5c1d746d082649ddea3672fb6999ed28d
51014C,external_test,0,105,274,463196ed6a67e4e4bafd878654d97c6872f85391b8f4c8e6113afce0858b4554
22271,external_test,0,103,809,4648f4c3fd9507b6e5a583ad915724e8517bf5a7c42c36a70da7aa9e07fd2c9b
22560,external_test,16,105,776,46690dbe4a9a6a100f800717276a07bfdef4eb87a7ddba11524599234625d9b4
22305,external_test,0,105,147,468d4005fa5998058d7f220b3989d7bc434414ae9549d8460e80aab9d32d819f
22394,external_test,18,105,56,46a37fdc8775d2c0b3207748d985740ef9252d3cbe94e04b54471562b1d1d889
22449,external_test,15,103,325,46bf817b282c7ae71ab8d5c53e4cb816f1a3aa48ff089b947480be59c4d7127b
22372,external_test,10,105,298,46c0648db6457830793dff0e61f78b0ecc01fa14bcab2bf126e3afdae449e6a2
22144,external_test,0,105,767,46c58b29ebc33f8f226930671bc0dc16e2834b74dc7a531f9872e2849f9189e2
