method,cost,service,pinball,brier,positive_mae,tail_cost,factorized_minus_method,ci_low,ci_high
complete_similarity,340.5083333333333,0.9152030316347225,51.344949494949496,0.16521357045517607,151.98533297519404,2074.527777777778,27.02013888888889,-57.468298611111116,126.5433159722222
complete_uniform,362.27916666666664,0.9034412312295232,54.36598274410775,0.16551175944010416,153.72109743616275,2282.3541666666665,5.249305555555551,-57.51151041666666,81.11001736111108
factorized_original,371.9548611111111,0.7429442485464561,55.6829335016835,0.16605411134180875,101.51385745305197,3021.9310344827586,-4.426388888888879,-10.417638888888861,1.1761284722222398
factorized_similarity_residual,367.5284722222222,0.7559688228938928,55.17164351851852,0.16829717301113442,102.85156462761135,2970.6689655172413,0.0,0.0,0.0
global_quantile,394.44238716026206,0.9172812684243793,59.11992533058503,,221.46538224490652,2475.123107855696,-26.91391493803982,-81.53332349752922,30.89878096035685
shared_hurdle,422.8923611111111,0.6471315821985986,61.68812079124579,0.18525663095831066,106.851618131704,3238.7986111111113,-55.36388888888887,-82.61994791666663,-25.596249999999994
shared_similarity_residual,422.90763888888887,0.6494082882045088,61.717708333333334,0.1935620185371829,108.55503912544795,3235.659722222222,-55.37916666666667,-82.99788194444444,-27.587534722222248
single_donor,392.12708333333336,0.8439790388038111,62.04413930976431,0.20101302083333333,176.1282182666995,2474.2638888888887,-24.598611111111104,-150.73288194444444,125.26604166666661
zig_mc_catboost,378.1239757567127,0.8620462646906536,56.24364080334063,0.16063423058771664,110.01419944970066,3050.5001709980374,-10.595503534490442,-44.33415401873841,15.416602564412116
