donor_id,metadata_similarity,lead_event_probability,positive_lead_mean,occurrence_weight,magnitude_weight,complete_similarity_weight,display
braf-dca3872b90,1.0,0.7466666666666667,175.0,0.10579555339170832,0.03992189867965029,0.17969139825567573,False
braf-bee08375d2,0.9991419163167575,0.7033333333333334,148.62559241706163,0.29468965866041624,0.06795702903679099,0.1795372079988135,True
braf-df887ba75b,0.993639148649873,0.8433333333333334,72.80632411067194,0.07416713539583594,0.07557022542275837,0.1785484079824749,False
braf-b1d8bad90d,0.9504284207575067,0.77,18.675324675324674,0.08831901384456019,0.17810245007702719,0.17078381186785008,True
braf-758f333660,0.9214252477367704,0.7533333333333333,13.035398230088495,0.1649025293733395,0.29090409895289243,0.16557219115390268,True
braf-965fee0959,0.3181965708836205,0.6866666666666666,5.966019417475728,0.11203868679435033,0.16463837716907373,0.057177186742239004,False
braf-57ece0f8c7,0.09919599242172543,0.7166666666666667,56.27906976744186,0.03995327275298087,0.05695440403682907,0.017824666579619255,False
braf-530a8fded0,0.09596018151097548,0.8966666666666666,22.58364312267658,0.03643491325874932,0.028391670905759208,0.017243219192575626,False
braf-aba5639bc0,0.09399901780642816,0.8133333333333334,330.8196721311475,0.033542920574248285,0.02136541876500616,0.016890814944297238,False
braf-72003a3933,0.09311016245054712,0.6666666666666666,16.29,0.050156315953811106,0.07619442695421266,0.016731095282551928,False
