panel,dataset,draw_mean_percent,draw_sd_percent,draw_min_percent,draw_max_percent,draw_sha256
A,BRAF,-10.1727034869,5.8463919392,-29.2357016084,16.1769747724,a204ae30a6ef1678588b96494b83cd7353aea74e10d3a955f67ed1181451dffd
A,MAN,-7.1483397281,2.2001596969,-14.8083085680,0.5409762280,716e007d74ff75f4945c3a6151162d88dc3ae0833e846f779cb1e63eebed16fe
A,UCI,-12.5829842915,11.5797024377,-45.1855360450,37.4309006645,90d5a192d0c427762a04b969385f29085b0fc2ef257efb59b43fe864247169ef
A,Favorita,-13.8937224883,7.0207971480,-34.4095490313,19.1366621779,b3e90cd71cc18e292eece594be5e1e3686a3578fef841c4bfd1abdecf4bd1d65
B,BRAF,-11.1330154885,5.1712626379,-30.8514506465,5.3341199375,f9ca0ab0d98ac073987a7832f829109914c4bfdb39cf394ba28917428f7586a2
B,MAN,10.7288408518,1.3072591609,6.4982361337,15.5759245650,ab10f6d9d83728e48c7361ee94d9eea71405676214251c973f5de1563d9beb23
B,UCI,6.6913405395,13.7036722697,-42.5437542846,57.1908614163,925c73995804b9acace769ce25d709b2965076178203413db85c7f98bfd61221
B,Favorita,-3.3555253463,7.7988884429,-32.7973701131,22.8612494885,872680cdf18353a7e41fc1cf72b685c147d0b37427d1cb793b0ae20bbc83e048
C,BRAF,-6.0981516504,3.2759649455,-21.0531997909,3.0218893065,42881737e9222397d5d1525342279e8399e2b152dcde0f4af4b94d363a59ed2e
C,MAN,-1.0594260895,0.7119692625,-3.6668279453,1.7163941074,be33a7cb430fb817626ebf1b45ec7a0253d454cb5f3779d909c123fe295ad246
C,UCI,-13.5907950973,3.7936902667,-30.1924085235,1.5293136602,1796aa1e452f613876df7b1aaae8041a795fa8cd7f1fcd86d19a1caa4bf16f3b
C,Favorita,-11.7920248372,8.0642139086,-38.6868145910,23.0213561798,d5a82bc3fd4940f2c7c76047967eab51164135e7a856cbb86d58f04532d5332a
