panel,increment,dataset,first_policy,comparator,point_estimate_percent,ci_low_percent,ci_high_percent,products,matched_rows,bootstrap_draws,bootstrap_seed,source_file,source_protocol
A,Multi-donor aggregation,BRAF,complete_similarity,single_donor,-10.4425571754,-20.6963792199,2.0752715654,250,13500,5000,20261004,outputs/ai_darld_v3/evidence_increment_synthesis/product_level_cost_inputs.csv,formal service-parts authority; support-interface corrected
A,Multi-donor aggregation,MAN,complete_similarity,single_donor,-6.9549604587,-11.3883221220,-2.7747380562,250,13500,5000,20261004,outputs/ai_darld_v3/evidence_increment_synthesis/product_level_cost_inputs.csv,formal service-parts authority; support-interface corrected
A,Multi-donor aggregation,UCI,complete_similarity,single_donor,-13.1637808746,-32.9359226564,12.8491356966,120,1440,5000,20261004,outputs/ai_darld_v3/evidence_increment_synthesis/product_level_cost_inputs.csv,frozen UCI isolated-product evaluation v3
A,Multi-donor aggregation,Favorita,complete_similarity,single_donor,-14.6053762666,-26.2081528189,1.0057848713,250,3000,5000,20261004,outputs/ai_darld_v3/evidence_increment_synthesis/product_level_cost_inputs.csv,pre-specified Favorita external evaluation; identifier-corrected execution
B,Learned adaptation,BRAF,component_specific_transfer,complete_similarity,-10.8702496370,-20.9563602671,-0.7655941090,250,13500,5000,20261004,outputs/ai_darld_v3/evidence_increment_synthesis/product_level_cost_inputs.csv,formal service-parts authority; support-interface corrected
B,Learned adaptation,MAN,component_specific_transfer,complete_similarity,10.6452031929,8.2501199179,13.3274314681,250,13500,5000,20261004,outputs/ai_darld_v3/evidence_increment_synthesis/product_level_cost_inputs.csv,formal service-parts authority; support-interface corrected
B,Learned adaptation,UCI,component_specific_transfer,complete_similarity,7.9352357178,-20.9682107654,33.2167653192,120,1440,5000,20261004,outputs/ai_darld_v3/evidence_increment_synthesis/product_level_cost_inputs.csv,frozen UCI isolated-product evaluation v3
B,Learned adaptation,Favorita,component_specific_transfer,complete_similarity,-2.9229508703,-18.6846182059,11.8354720077,250,3000,5000,20261004,outputs/ai_darld_v3/evidence_increment_synthesis/product_level_cost_inputs.csv,pre-specified Favorita external evaluation; identifier-corrected execution
C,Component separation,BRAF,component_specific_transfer,matched_shared_relation,-5.8297143279,-12.9554964535,-0.1323467055,250,13500,5000,20261004,outputs/ai_darld_v3/evidence_increment_synthesis/product_level_cost_inputs.csv,formal service-parts authority; support-interface corrected
C,Component separation,MAN,component_specific_transfer,matched_shared_relation,-1.0056045709,-2.5185304707,0.3258018645,250,13500,5000,20261004,outputs/ai_darld_v3/evidence_increment_synthesis/product_level_cost_inputs.csv,formal service-parts authority; support-interface corrected
C,Component separation,UCI,component_specific_transfer,matched_shared_relation,-13.0948608098,-21.6521167684,-6.5973182430,120,1440,5000,20261004,outputs/ai_darld_v3/evidence_increment_synthesis/product_level_cost_inputs.csv,frozen UCI isolated-product evaluation v3
C,Component separation,Favorita,component_specific_transfer,matched_shared_relation,-11.4762035948,-26.4920728242,5.1609906238,250,3000,5000,20261004,outputs/ai_darld_v3/evidence_increment_synthesis/product_level_cost_inputs.csv,pre-specified Favorita external evaluation; identifier-corrected execution
