method,cutoff,horizon,cost_ratio,products,cost,service,pinball,brier,mean_action
adapted_zig_mc_catboost,2017-05-31,14,2,250,3292.9544318393064,0.7860217091870245,1097.6514772797689,0.049869003527016655,1753.6695231892509
adapted_zig_mc_catboost,2017-05-31,14,5,250,6455.08249283384,0.8723960547055638,1075.8470821389733,0.049869003527016655,2516.0472996208096
adapted_zig_mc_catboost,2017-05-31,14,10,250,10875.96453298112,0.9068189889725881,988.7240484528292,0.049869003527016655,3132.1907981389136
adapted_zig_mc_catboost,2017-05-31,28,2,250,5787.551300681898,0.8028165672609341,1929.183766893966,0.0455452060436666,3570.26865447277
adapted_zig_mc_catboost,2017-05-31,28,5,250,11192.539388898824,0.879243061282996,1865.4232314831372,0.0455452060436666,5054.4856213739895
adapted_zig_mc_catboost,2017-05-31,28,10,250,18434.494454326865,0.9121964716085711,1675.8631322115332,0.0455452060436666,6304.3610698330485
adapted_zig_mc_catboost,2017-07-18,14,2,250,2983.8535503288876,0.797995796518684,994.6178501096291,0.05287810677551007,1733.8598683446282
adapted_zig_mc_catboost,2017-07-18,14,5,250,5823.838685030618,0.8781781254195895,970.6397808384362,0.05287810677551007,2515.0325714378314
adapted_zig_mc_catboost,2017-07-18,14,10,250,9730.059207411998,0.9114919382360855,884.5508370374544,0.05287810677551007,3114.3388312586035
adapted_zig_mc_catboost,2017-07-18,28,2,250,5635.947763381332,0.7956670872757936,1878.649254460444,0.041114271374990845,3515.871218924749
adapted_zig_mc_catboost,2017-07-18,28,5,250,10627.45781439715,0.8790350534626152,1771.242969066192,0.041114271374990845,5031.75574128368
adapted_zig_mc_catboost,2017-07-18,28,10,250,17041.615967294274,0.9159829559818818,1549.2378152085705,0.041114271374990845,6290.8187893905315
complete_similarity,2017-05-31,14,2,250,3102.121531207323,0.9031536605805373,1034.040510402441,0.05386669006519951,3314.0549791464805
complete_similarity,2017-05-31,14,5,250,5910.301369410753,0.9539321089534776,985.0502282351255,0.05386669006519951,5334.472761871338
complete_similarity,2017-05-31,14,10,250,9622.939321223497,0.9743963414699757,874.8126655657727,0.05386669006519951,8131.3086569213865
complete_similarity,2017-05-31,28,2,250,5614.145947973013,0.913521128712604,1871.381982657671,0.05012127284307681,6674.500521057129
complete_similarity,2017-05-31,28,5,250,10663.963172879934,0.9589457529440318,1777.3271954799889,0.05012127284307681,10687.138991455078
complete_similarity,2017-05-31,28,10,250,16934.73155766082,0.9810917273017019,1539.5210506964384,0.05012127284307681,16488.3634430542
complete_similarity,2017-07-18,14,2,250,2905.7781779785155,0.9166558200616579,968.5927259928386,0.053104510246994176,3308.959383514404
complete_similarity,2017-07-18,14,5,250,5514.7057019500735,0.9635645210107979,919.1176169916788,0.053104510246994176,5242.428397132873
complete_similarity,2017-07-18,14,10,250,9224.714814193725,0.9796056769527841,838.6104376539752,0.053104510246994176,8091.901263748169
complete_similarity,2017-07-18,28,2,250,5435.139750541687,0.9139679515716072,1811.7132501805625,0.04203878464353181,6652.750798858642
complete_similarity,2017-07-18,28,5,250,9998.345687232972,0.963443605491944,1666.3909478721616,0.04203878464353181,10475.466372131348
complete_similarity,2017-07-18,28,10,250,16648.862684585572,0.9813042927644887,1513.5329713259614,0.04203878464353181,16440.887395729063
complete_uniform,2017-05-31,14,2,250,3098.7549514496327,0.9073845003655514,1032.9183171498776,0.053893639555555574,3339.82439938879
complete_uniform,2017-05-31,14,5,250,5951.41822329259,0.9532482039956603,991.9030372154315,0.053893639555555574,5372.709615753174
complete_uniform,2017-05-31,14,10,250,9702.273738490343,0.9742294259886803,882.0248853173041,0.053893639555555574,8195.815074188233
complete_uniform,2017-05-31,28,2,250,5622.443555822134,0.9173867581977309,1874.1478519407115,0.05016846800000002,6732.71812890625
complete_uniform,2017-05-31,28,5,250,10748.509903104543,0.958427976041059,1791.4183171840905,0.05016846800000002,10769.429721679688
complete_uniform,2017-05-31,28,10,250,17083.224750867605,0.9812421996478095,1553.0204318970555,0.05016846800000002,16634.260636260988
complete_uniform,2017-07-18,14,2,250,2898.7434035644533,0.9199628176558527,966.2478011881511,0.05309515911111113,3329.776609100342
complete_uniform,2017-07-18,14,5,250,5555.5464915618895,0.9632397202029748,925.9244152603148,0.05309515911111113,5281.42118674469
complete_uniform,2017-07-18,14,10,250,9290.79527822876,0.9795852851908007,844.617752566251,0.05309515911111113,8156.617727783203
complete_uniform,2017-07-18,28,2,250,5425.007239143371,0.9173392249924747,1808.335746381124,0.042040934222222236,6701.6102874603275
complete_uniform,2017-07-18,28,5,250,10080.946947364808,0.963279695145202,1680.1578245608011,0.042040934222222236,10556.531632263184
complete_uniform,2017-07-18,28,10,250,16793.77022528839,0.9813193586778598,1526.7063841171268,0.042040934222222236,16586.058936431884
component_specific_transfer,2017-05-31,14,2,250,3080.5279844338893,0.7786481283828678,1026.842661477963,0.05563387664954027,1901.9335436706542
component_specific_transfer,2017-05-31,14,5,250,5997.716410594225,0.8652975573182722,999.6194017657042,0.05563387664954027,2666.271355621338
component_specific_transfer,2017-05-31,14,10,250,9819.304026217698,0.9047207407402997,892.6640023834273,0.05563387664954027,3344.192485458374
component_specific_transfer,2017-05-31,28,2,250,5498.905437356234,0.7849231206925332,1832.9684791187447,0.05188808192150077,3783.0191830749513
component_specific_transfer,2017-05-31,28,5,250,10350.116836728812,0.8713568399130825,1725.0194727881353,0.05188808192150077,5307.781134490967
component_specific_transfer,2017-05-31,28,10,250,16538.65438411498,0.9121648255048695,1503.5140349195437,0.05188808192150077,6639.5663365020755
component_specific_transfer,2017-07-18,14,2,250,2833.183459732056,0.7916479254241579,944.3944865773519,0.05419765391120916,1924.3560519561768
component_specific_transfer,2017-07-18,14,5,250,5394.606192871093,0.8764608994666,899.1010321451822,0.05419765391120916,2712.946764312744
component_specific_transfer,2017-07-18,14,10,250,8596.104961055755,0.9198321870511431,781.4640873687051,0.05419765391120916,3392.3895871481895
component_specific_transfer,2017-07-18,28,2,250,5281.0617022342685,0.7896359632514951,1760.353900744756,0.042911994853847335,3846.948008333206
component_specific_transfer,2017-07-18,28,5,250,9877.415544765472,0.8731034074594126,1646.2359241275788,0.042911994853847335,5400.573187641144
component_specific_transfer,2017-07-18,28,10,250,15339.14351638031,0.9182620460357975,1394.46759239821,0.042911994853847335,6739.616493438721
matched_shared_relation,2017-05-31,14,2,250,3469.8183724267483,0.7305343868665928,1156.6061241422494,0.0666235507665433,2565.39351335907
matched_shared_relation,2017-05-31,14,5,250,6796.208834727526,0.8242298324484166,1132.7014724545875,0.0666235507665433,3931.3607399597167
matched_shared_relation,2017-05-31,14,10,250,11039.614791598558,0.8827355061748572,1003.6013446907781,0.0666235507665433,5183.90066670227
matched_shared_relation,2017-05-31,28,2,250,6093.436348473787,0.7389392258426929,2031.1454494912625,0.06193909276864368,4714.598512996674
matched_shared_relation,2017-05-31,28,5,250,11931.10089948821,0.8311837619639217,1988.5168165813684,0.06193909276864368,7745.078310470581
matched_shared_relation,2017-05-31,28,10,250,18789.465754762412,0.8936332236956179,1708.1332504329466,0.06193909276864368,10396.309342519284
matched_shared_relation,2017-07-18,14,2,250,3174.2647163619995,0.7649996240109138,1058.0882387873332,0.058175846972381456,2504.702212913513
matched_shared_relation,2017-07-18,14,5,250,6204.511954711914,0.8474910249097504,1034.085325785319,0.058175846972381456,4053.2130680236814
matched_shared_relation,2017-07-18,14,10,250,9810.075951320649,0.8961488624574505,891.8250864836953,0.058175846972381456,5332.808056325435
matched_shared_relation,2017-07-18,28,2,250,5947.099099338531,0.7605713907517937,1982.3663664461772,0.046762279062479276,4869.465179300309
matched_shared_relation,2017-07-18,28,5,250,11294.467640113831,0.8504795844412968,1882.411273352305,0.04676227906247927,8032.181187133789
matched_shared_relation,2017-07-18,28,10,250,16840.03012052536,0.91225434400966,1530.9118291386692,0.04676227906247927,10834.740279065609
rolling_global_quantile,2017-05-31,14,2,250,3002.5055766464616,0.877620645528655,1000.8351922154873,,2557.3816002456842
rolling_global_quantile,2017-05-31,14,5,250,5629.592821946737,0.9471476491499272,938.265470324456,,4223.412768061594
rolling_global_quantile,2017-05-31,14,10,250,8860.629088375726,0.9679401306844878,805.5117353068844,,6156.983526144816
rolling_global_quantile,2017-05-31,28,2,250,5296.052360854532,0.8855476567859757,1765.3507869515104,,5074.826875718466
rolling_global_quantile,2017-05-31,28,5,250,9726.86856188798,0.9533088326700826,1621.1447603146635,,8425.729961394338
rolling_global_quantile,2017-05-31,28,10,250,14935.021348680852,0.9745384048649107,1357.7292135164414,,12271.075631361424
rolling_global_quantile,2017-07-18,14,2,250,2676.7946614859025,0.8971992301948495,892.2648871619674,,2557.9967618850555
rolling_global_quantile,2017-07-18,14,5,250,5057.904839215096,0.9603997361303573,842.9841398691826,,4302.370434016684
rolling_global_quantile,2017-07-18,14,10,250,7969.37721409644,0.9799220807431887,724.4888376451311,,6383.51409424521
rolling_global_quantile,2017-07-18,28,2,250,4965.840572103478,0.8972797310700059,1655.2801907011592,,5145.782107578844
rolling_global_quantile,2017-07-18,28,5,250,9114.23591175517,0.9613239109337703,1519.0393186258614,,8607.97962228767
rolling_global_quantile,2017-07-18,28,10,250,13753.934856288135,0.9810763436695301,1250.3577142080126,,12583.971047592413
single_donor,2017-05-31,14,2,250,3825.5347448365687,0.8176346750021889,1275.1782482788562,0.05694155555555555,3274.334120952606
single_donor,2017-05-31,14,5,250,6868.713210582018,0.8469269153523236,1144.785535097003,0.05694155555555555,3624.3373480529785
single_donor,2017-05-31,14,10,250,11391.595243258715,0.8735077325403146,1035.5995675689742,0.05694155555555555,4030.4074344940186
single_donor,2017-05-31,28,2,250,6988.47088082242,0.8300974243240505,2329.490293607473,0.05185253333333333,6556.563112930298
single_donor,2017-05-31,28,5,250,12107.00507745719,0.8556971295524085,2017.834179576198,0.05185253333333333,7169.729498688221
single_donor,2017-05-31,28,10,250,19391.04606359649,0.8836253824172624,1762.8223694178625,0.05185253333333333,8020.010221107483
single_donor,2017-07-18,14,2,250,3705.266222122192,0.8329225080639017,1235.0887407073974,0.05543368888888889,3294.1968940734864
single_donor,2017-07-18,14,5,250,6394.7223854293825,0.8691243349489085,1065.7870642382302,0.05543368888888889,3770.7974270095824
single_donor,2017-07-18,14,10,250,10409.90814151001,0.8862344082049877,946.3552855918191,0.05543368888888889,4111.230328048706
single_donor,2017-07-18,28,2,250,7109.584106628418,0.8318602461257858,2369.8613688761397,0.04204293333333333,6599.872650455475
single_donor,2017-07-18,28,5,250,11877.8707335639,0.8702128584465529,1979.64512226065,0.04204293333333333,7471.56848560381
single_donor,2017-07-18,28,10,250,18878.93039541626,0.8853426182526203,1716.2663995832963,0.04204293333333333,8177.012755012513
