seed,method,candidate,training_objective,validation_objective,occurrence_logit_shift
20260930,component_specific_transfer,80,2.647024634496885,11.484575418081242,1.5
20260930,matched_shared_relation,64,3.1652025504447687,14.781040151592727,1.5
20261011,component_specific_transfer,59,2.504755650664728,13.055210961079277,1.5
20261011,matched_shared_relation,85,3.2338681451321265,13.541719700455198,1.5
20261023,component_specific_transfer,69,2.6574931669581274,12.336813304753763,1.5
20261023,matched_shared_relation,89,3.194827950909512,16.723940781714404,1.5
20261037,component_specific_transfer,30,2.551851993036822,11.742665696496335,1.5
20261037,matched_shared_relation,40,3.230959448741304,14.064636525133235,1.5
20261051,component_specific_transfer,46,3.112948545687806,13.07837016840382,1.5
20261051,matched_shared_relation,71,3.344781860589536,15.095269571372338,1.5
