method,policy_seed,cost,service,brier
component_specific_transfer,20260930,7973.471902654568,0.8818971037155352,0.05156164171880372
component_specific_transfer,20261011,8957.273079152565,0.8028517297503998,0.05074522409706475
component_specific_transfer,20261023,7933.533741994659,0.8824774052783418,0.050804785335466986
component_specific_transfer,20261037,8566.514926602125,0.8371583581364094,0.06157544428549237
component_specific_transfer,20261051,10126.310362203836,0.755732884185626,0.05165699838334032
matched_shared_relation,20260930,9462.510207493384,0.8263295236582898,0.05684133310226419
matched_shared_relation,20261011,9294.154705558856,0.8238787370919395,0.0616489622229213
matched_shared_relation,20261023,10109.080058615922,0.7916728293491471,0.05983369085465928
matched_shared_relation,20261037,9985.927133270343,0.8179495961747486,0.0572317984700177
matched_shared_relation,20261051,9041.729978341302,0.8381691414265309,0.05775613049109509
