item_nbr,role
103520,development
105574,development
105693,development
105857,development
106716,development
108079,development
108634,development
108696,development
108701,development
108797,development
111223,development
111397,development
112830,development
114778,development
114790,development
114799,development
114800,development
115611,development
115720,development
115847,development
115850,development
115892,development
115893,development
115894,development
116017,development
116018,development
116279,development
116311,development
119024,development
119026,development
119141,development
119187,development
119191,development
119193,development
119624,development
121964,development
122095,development
122418,development
122419,development
122425,development
123347,development
123927,development
125430,development
127534,development
127547,development
129296,development
129297,development
129635,development
129758,development
129759,development
153078,development
153239,development
153267,development
153395,development
153398,development
155499,development
155600,development
155601,development
155625,development
157956,development
158680,development
158789,development
158842,development
158875,development
158956,development
159156,development
159242,development
161288,development
164036,development
164037,development
165550,development
165551,development
165553,development
165594,development
165704,development
165718,development
165727,development
167437,development
168927,development
169104,development
171890,development
172184,development
172343,development
172995,development
173111,development
173113,development
174081,development
176411,development
177050,development
179564,development
179600,development
179615,development
205209,development
205387,development
205557,development
207857,development
208386,development
208426,development
208530,development
208539,development
210520,development
211203,development
211205,development
211206,development
211999,development
212550,development
213066,development
213653,development
213788,development
214381,development
214859,development
215327,development
215332,development
215356,development
215370,development
215468,development
219150,development
219152,development
220432,development
220435,development
220613,development
222879,development
222975,development
223068,development
223136,development
223463,development
224081,development
226126,development
226857,development
227111,development
246052,development
250782,development
252972,development
253103,development
253145,development
255198,development
255199,development
255202,development
257847,development
258268,development
258395,development
258396,development
260628,development
260893,development
261052,development
261053,development
261700,development
262991,development
264305,development
264576,development
264751,development
264752,development
264753,development
265086,development
265237,development
265257,development
265258,development
265266,development
265279,development
265382,development
265559,development
265672,development
265700,development
268440,development
268443,development
268446,development
268623,development
268662,development
268664,development
268676,development
268834,development
269036,development
269084,development
269286,development
270522,development
271478,development
271479,development
273528,development
273859,development
275823,development
275826,development
278806,development
279125,development
279137,development
279157,development
302952,development
302997,development
302998,development
305074,development
305080,development
305227,development
305229,development
305234,development
305237,development
305341,development
305344,development
305345,development
307740,development
308085,development
308726,development
308766,development
308916,development
308924,development
310644,development
310647,development
310671,development
310790,development
311994,development
312113,development
312317,development
312324,development
312596,development
313094,development
313641,development
314384,development
314393,development
314879,development
314881,development
315176,development
315178,development
315179,development
315221,development
315277,development
315279,development
315320,development
315322,development
315463,development
315713,development
315753,development
317147,development
317285,development
318787,development
318847,development
318935,development
319093,development
319094,development
319095,development
319272,development
320681,development
320682,development
321798,development
322094,development
322095,development
323013,development
323217,development
323227,development
324206,development
326951,development
329071,development
329364,development
329365,development
346406,development
354918,development
354919,development
354964,development
354971,development
355090,development
355091,development
357961,development
357962,development
357996,development
358096,development
358134,development
358231,development
358232,development
358264,development
358272,development
358515,development
358519,development
358561,development
358564,development
359913,development
360313,development
360314,development
360704,development
360705,development
361502,development
362035,development
362548,development
363889,development
364413,development
364738,development
364829,development
364832,development
364834,development
364865,development
365139,development
365140,development
365264,development
368136,development
368140,development
368628,development
369432,development
370042,development
371434,development
371438,development
372369,development
372480,development
372924,development
372937,development
376194,development
376427,development
377978,development
378330,development
401911,development
402136,development
404334,development
404439,development
404454,development
405304,development
406965,development
407499,development
407500,development
407542,development
407608,development
407769,development
409739,development
409904,development
410150,development
410257,development
411555,development
411557,development
413986,development
413987,development
414305,development
414354,development
414421,development
414425,development
414426,development
414454,development
414455,development
414478,development
414621,development
414623,development
414750,development
414752,development
414888,development
416252,development
417763,development
417765,development
417835,development
418024,development
418025,development
418026,development
418235,development
418238,development
419729,development
420720,development
422452,development
428394,development
452078,development
454326,development
454413,development
454414,development
454416,development
454426,development
454589,development
454593,development
454596,development
456870,development
456875,development
457424,development
457425,development
457471,development
457688,development
457727,development
459762,development
459801,development
462673,development
463816,development
463901,development
463903,development
464263,development
464302,development
464333,development
464334,development
464336,development
464339,development
464356,development
464374,development
464536,development
464907,development
464940,development
467887,development
468058,development
468265,development
469643,development
470624,development
470625,development
470760,development
471980,development
471985,development
472526,development
472645,development
476261,development
479200,development
502067,development
502224,development
502227,development
502331,development
506717,development
507354,development
507479,development
507870,development
507927,development
507969,development
508069,development
509877,development
510052,development
510054,development
510057,development
511394,development
511397,development
513855,development
514149,development
514242,development
514327,development
514444,development
514445,development
514446,development
514597,development
514730,development
514757,development
517615,development
517903,development
517905,development
517909,development
518091,development
518094,development
519560,development
519718,development
521818,development
522383,development
522721,development
522941,development
523054,development
525887,development
525902,development
527757,development
546043,development
551893,development
552050,development
554047,development
554049,development
554143,development
554144,development
554152,development
557241,development
557257,development
557286,development
557305,development
557420,development
557810,development
558730,development
559044,development
559493,development
559494,development
559680,development
559682,development
559873,development
563654,development
563966,development
564110,development
564272,development
564287,development
564288,development
567579,development
567588,development
567644,development
567750,development
567779,development
567781,development
568133,development
570869,development
570870,development
570917,development
570922,development
573832,development
574898,development
575630,development
575675,development
575863,development
575875,development
575876,development
577740,development
577741,development
577743,development
577745,development
578097,development
578467,development
579759,development
580929,development
581078,development
582865,development
583795,development
583797,development
583799,development
583868,development
583925,development
583927,development
583931,development
583968,development
583973,development
583975,development
583978,development
584027,development
584028,development
584030,development
584032,development
584076,development
584077,development
584078,development
584101,development
584103,development
584123,development
584129,development
584246,development
586823,development
586824,development
586911,development
586967,development
587069,development
587104,development
587156,development
587157,development
587186,development
592801,development
594045,development
598414,development
608035,development
617092,development
617096,development
617103,development
617113,development
617548,development
617763,development
619965,development
619969,development
622958,development
623316,development
623317,development
623330,development
627887,development
633735,development
633977,development
633996,development
633997,development
634008,development
634009,development
634010,development
634014,development
634015,development
636846,development
638296,development
638978,development
641042,development
641627,development
645294,development
648313,development
651523,development
655427,development
655744,development
655840,development
658608,development
660311,development
660312,development
660318,development
660319,development
660320,development
660321,development
660502,development
660503,development
661582,development
664537,development
664543,development
664545,development
668752,development
668754,development
671062,development
671066,development
671067,development
671068,development
671076,development
671083,development
671084,development
671684,development
671699,development
671706,development
671708,development
673306,development
673415,development
673496,development
675524,development
679442,development
679602,development
679603,development
679604,development
679926,development
681606,development
682884,development
683720,development
683721,development
683723,development
686034,development
686035,development
688279,development
691945,development
692104,development
692105,development
692106,development
692531,development
692537,development
696183,development
698643,development
699686,development
699687,development
699692,development
699745,development
700607,development
700609,development
716241,development
716242,development
716245,development
716250,development
716958,development
723184,development
723210,development
724003,development
724359,development
724360,development
724498,development
729337,development
730258,development
732006,development
732007,development
736128,development
740722,development
740728,development
740729,development
741922,development
742735,development
742738,development
743494,development
743496,development
743497,development
749421,development
749720,development
749729,development
750856,development
750857,development
751759,development
752167,development
752987,development
757889,development
759657,development
759694,development
759697,development
759698,development
759890,development
759893,development
759894,development
760319,development
762405,development
764438,development
765092,development
765517,development
765519,development
766493,development
767183,development
767184,development
769312,development
769314,development
770447,development
770453,development
770456,development
770463,development
770511,development
771157,development
776057,development
779122,development
781796,development
781797,development
781798,development
781936,development
783243,development
787426,development
788172,development
788708,development
789223,development
789224,development
789904,development
789905,development
789907,development
793346,development
794245,development
795611,development
795612,development
796395,development
796396,development
799461,development
800958,development
801217,development
801934,development
802831,development
803101,development
804098,development
804974,development
805310,development
805311,development
805321,development
805788,development
807493,development
807495,development
809183,development
809184,development
809882,development
812716,development
812726,development
812728,development
812735,development
812751,development
812757,development
812769,development
813760,development
813770,development
816606,development
818588,development
818590,development
819228,development
819231,development
819933,development
819934,development
820003,development
820006,development
820500,development
827911,development
828204,development
828630,development
828632,development
829389,development
829658,development
830625,development
830797,development
830806,development
830829,development
833395,development
833396,development
833644,development
838216,development
838217,development
838400,development
838406,development
838407,development
838408,development
838409,development
838412,development
838415,development
838832,development
838842,development
839362,development
839363,development
839364,development
839367,development
839544,development
841197,development
841514,development
841570,development
841607,development
841612,development
841841,development
841842,development
843411,development
843459,development
843462,development
843585,development
843589,development
843607,development
844793,development
844795,development
846163,development
846565,development
847569,development
847575,development
847859,development
847863,development
847894,development
848953,development
849080,development
849135,development
849136,development
849139,development
849142,development
849312,development
849941,development
850333,development
850388,development
850542,development
850545,development
852110,development
852620,development
852934,development
856687,development
856688,development
857324,development
857327,development
857332,development
858872,development
859932,development
859966,development
860548,development
860549,development
862213,development
864288,development
864290,development
864511,development
865147,development
865155,development
866927,development
867850,development
868529,development
869837,development
870938,development
871118,development
871421,development
871511,development
871513,development
871514,development
872307,development
872308,development
872309,development
873687,development
874598,development
874990,development
875604,development
876223,development
876224,development
876225,development
876226,development
876663,development
877514,development
881701,development
881910,development
881911,development
883336,development
885543,development
885553,development
886067,development
886396,development
886398,development
888063,development
888682,development
888761,development
890213,development
890215,development
890371,development
890372,development
890375,development
890825,development
892076,development
897348,development
898656,development
902198,development
902200,development
902202,development
903283,development
903284,development
903285,development
903286,development
903955,development
906979,development
906980,development
906981,development
907686,development
908741,development
909361,development
910928,development
911429,development
911871,development
911989,development
911990,development
913102,development
913363,development
913364,development
913521,development
913526,development
913964,development
915310,development
915351,development
915810,development
915821,development
915822,development
916885,development
916886,development
916887,development
920607,development
921042,development
928477,development
929627,development
929893,development
930247,development
932281,development
933780,development
936341,development
936994,development
937953,development
938129,development
938436,development
938566,development
938567,development
938574,development
938657,development
938659,development
939129,development
939130,development
939131,development
939207,development
939210,development
939661,development
939662,development
940585,development
940591,development
940592,development
940616,development
940638,development
946277,development
949053,development
949243,development
949296,development
949297,development
949298,development
949299,development
949510,development
949629,development
951675,development
953404,development
953413,development
953420,development
953427,development
953428,development
953562,development
953609,development
954796,development
954805,development
956011,development
956013,development
957098,development
958015,development
958016,development
958514,development
958516,development
958519,development
959437,development
959500,development
959502,development
962600,development
962601,development
964752,development
964753,development
967021,development
968432,development
968935,development
968936,development
977007,development
979195,development
979196,development
979197,development
979199,development
979553,development
981655,development
982726,development
982727,development
983310,development
985823,development
985824,development
986193,development
987768,development
988459,development
989092,development
991114,development
991329,development
991331,development
996537,development
996600,development
996606,development
996613,development
999545,development
999547,development
1000866,development
1001305,development
1003679,development
1004545,development
1004550,development
1004551,development
1005456,development
1005461,development
1005463,development
1005465,development
1009512,development
1009539,development
1009946,development
1009997,development
1010755,development
1010757,development
1012473,development
1012787,development
1012788,development
1014865,development
1017349,development
1017791,development
1018516,development
1018617,development
1020237,development
1020940,development
1021281,development
1022053,development
1024975,development
1024976,development
1028589,development
1033395,development
1036189,development
1036317,development
1036689,development
1037654,development
1037845,development
1037846,development
1037856,development
1038945,development
1038946,development
1038952,development
1038953,development
1038954,development
1040170,development
1040348,development
1044592,development
1045449,development
1046272,development
1047394,development
1047395,development
1047396,development
1047674,development
1047675,development
1047679,development
1047680,development
1047681,development
1047685,development
1047690,development
1047695,development
1047698,development
1047702,development
1047705,development
1047707,development
1047709,development
1047721,development
1047733,development
1047734,development
1047735,development
1047740,development
1047751,development
1047752,development
1047753,development
1047755,development
1047756,development
1047757,development
1047758,development
1047773,development
1047774,development
1047775,development
1047786,development
1047793,development
1050142,development
1050370,development
1052022,development
1052563,development
1053943,development
1053944,development
1057033,development
1057034,development
1057490,development
1057495,development
1057498,development
1057515,development
1058820,development
1060036,development
1062926,development
1065599,development
1066900,development
1066901,development
1070962,development
1071928,development
1071949,development
1072173,development
1074327,development
1075283,development
1075891,development
1076155,development
1078288,development
1079214,development
1079215,development
1079254,development
1079257,development
1079331,development
1080009,development
1080021,development
1080756,development
1081359,development
1082578,development
1083196,development
1083517,development
1084365,development
1084417,development
1084436,development
1084881,development
1085486,development
1085686,development
1086172,development
1087269,development
1087270,development
1087467,development
1088002,development
1089079,development
1089163,development
1089843,development
1089844,development
1090401,development
1090419,development
1091333,development
1091365,development
1091366,development
1091369,development
1091370,development
1092008,development
1092061,development
1093340,development
1093786,development
1094238,development
1098624,development
1099990,development
1101724,development
1102268,development
1102970,development
1102971,development
1102975,development
1102976,development
1104598,development
1104599,development
1104650,development
1104725,development
1105210,development
1105211,development
1105212,development
1105213,development
1105214,development
1105215,development
1105228,development
1105299,development
1106968,development
1109116,development
1109211,development
1109326,development
1109389,development
1109390,development
1109391,development
1110679,development
1111202,development
1112450,development
1112839,development
1112840,development
1113847,development
1113852,development
1114566,development
1114567,development
1114749,development
1114754,development
1114761,development
1114903,development
1114914,development
1114924,development
1116113,development
1116370,development
1117661,development
1117662,development
1117663,development
1118683,development
1118691,development
1118775,development
1119216,development
1119217,development
1121513,development
1121514,development
1123722,development
1124164,development
1127862,development
1132005,development
1133955,development
1135438,development
1136979,development
1138053,development
1141956,development
1143686,development
1143691,development
1145374,development
1145597,development
1146497,development
1146648,development
1146784,development
1146785,development
1146787,development
1146795,development
1146796,development
1146797,development
1146799,development
1146800,development
1146801,development
1146804,development
1147017,development
1147495,development
1147731,development
1148017,development
1148548,development
1148719,development
1148812,development
1148971,development
1148972,development
1149069,development
1149225,development
1149579,development
1150362,development
1150700,development
1151128,development
1152017,development
1152346,development
1152348,development
1152350,development
1152355,development
1152464,development
1153597,development
1156722,development
1156724,development
1157329,development
1157462,development
1157479,development
1157561,development
1157562,development
1157564,development
1157685,development
1157699,development
1158719,development
1158720,development
1159414,development
1159415,development
1159597,development
1159598,development
1160752,development
1160796,development
1160872,development
1160873,development
1160882,development
1161555,development
1161571,development
1161572,development
1162755,development
1162933,development
1162935,development
1163577,development
1163583,development
1164923,development
1165987,development
1165988,development
1166036,development
1166478,development
1167175,development
1167487,development
1167545,development
1167754,development
1168684,development
1168717,development
1168718,development
1171140,development
1172015,development
1173853,development
1174923,development
1175993,development
1176558,development
1176559,development
1176561,development
1177984,development
1178691,development
1178692,development
1178696,development
1179119,development
1182733,development
1209718,development
1209719,development
1209720,development
1209721,development
1210038,development
1212452,development
1214325,development
1221045,development
1221054,development
1222571,development
1222575,development
1224495,development
1224521,development
1225768,development
1225769,development
1225770,development
1226506,development
1226507,development
1226920,development
1228300,development
1228312,development
1228319,development
1228321,development
1228945,development
1228950,development
1228995,development
1229023,development
1229026,development
1229028,development
1229440,development
1229469,development
1229566,development
1229584,development
1229591,development
1229625,development
1229636,development
1229642,development
1229643,development
1229664,development
1229686,development
1229882,development
1229919,development
1229935,development
1230014,development
1230228,development
1230327,development
1230416,development
1230418,development
1230426,development
1230440,development
1230441,development
1230461,development
1231869,development
1233161,development
1234340,development
1235251,development
1235364,development
1237410,development
1238497,development
1239294,development
1239736,development
1239740,development
1239741,development
1239746,development
1239782,development
1239783,development
1239788,development
1239790,development
1239791,development
1239792,development
1239793,development
1239794,development
1239795,development
1239796,development
1239797,development
1239798,development
1239800,development
1239806,development
1239808,development
1239810,development
1239812,development
1239817,development
1239818,development
1239819,development
1239841,development
1239842,development
1239843,development
1239844,development
1239845,development
1239846,development
1239853,development
1239854,development
1239855,development
1239856,development
1239857,development
1239862,development
1239867,development
1239869,development
1239870,development
1239875,development
1239877,development
1239880,development
1239881,development
1239882,development
1239883,development
1239887,development
1239898,development
1239899,development
1239902,development
1239903,development
1239905,development
1239911,development
1239912,development
1239914,development
1239918,development
1239956,development
1240160,development
1242667,development
1243805,development
1243815,development
1243816,development
1245918,development
1246493,development
1246495,development
1246758,development
1246784,development
1246785,development
1247036,development
1248391,development
1248394,development
1248464,development
1250226,development
1253708,development
1253765,development
1254013,development
1254310,development
1255777,development
1259006,development
1259952,development
1260238,development
1260241,development
1260242,development
1261025,development
1261376,development
1273024,development
1279049,development
1280677,development
1281011,development
1281780,development
1282047,development
1284221,development
1285150,development
1298766,development
1299616,development
1302670,development
1303141,development
1304243,development
1304490,development
1306155,development
1306196,development
1306197,development
1309245,development
1309246,development
1309298,development
1309300,development
1309560,development
1309672,development
1310076,development
1311104,development
1313222,development
1313223,development
1314549,development
1316369,development
1316461,development
1317094,development
1317095,development
1317096,development
1320708,development
1320857,development
1321336,development
1322479,development
1323011,development
1323422,development
1323985,development
1324182,development
1324591,development
1324667,development
1324668,development
1324670,development
1324845,development
1325324,development
1325325,development
1325330,development
1325362,development
1328340,development
1328471,development
1328672,development
1331068,development
1331407,development
1332103,development
1332664,development
1333224,development
1333225,development
1333307,development
1334068,development
1334074,development
1335305,development
1336461,development
1339795,development
1339879,development
1339880,development
1339882,development
1339883,development
1342003,development
1342006,development
1342008,development
1344514,development
1345068,development
1345070,development
1345072,development
1345352,development
1345981,development
1346621,development
1346624,development
1346626,development
1346627,development
1346629,development
1346630,development
1346631,development
1346632,development
1346636,development
1346638,development
1346643,development
1347811,development
1347977,development
1348510,development
1348983,development
1349068,development
1349806,development
1349807,development
1351227,development
1351305,development
1352751,development
1352758,development
1353189,development
1353191,development
1354381,development
1354382,development
1354384,development
1354385,development
1354387,development
1354388,development
1354389,development
1354390,development
1354712,development
1354714,development
1359503,development
1360009,development
1360010,development
1360012,development
1360013,development
1361205,development
1363876,development
1363877,development
1364636,development
1366212,development
1366213,development
1367273,development
1367438,development
1368479,development
1368480,development
1368488,development
1369793,development
1369873,development
1369876,development
1370025,development
1370542,development
1370547,development
1370548,development
1370552,development
1370564,development
1370565,development
1370566,development
1370568,development
1370572,development
1370574,development
1370587,development
1370588,development
1370589,development
1371395,development
1371618,development
1372308,development
1372326,development
1372511,development
1372563,development
1372862,development
1373031,development
1373037,development
1373394,development
1373408,development
1373409,development
1373944,development
1373976,development
1379151,development
1379154,development
1379194,development
1386120,development
1386220,development
1386250,development
1386695,development
1386696,development
1387609,development
1388521,development
1388559,development
1388568,development
1388574,development
1390352,development
1391408,development
1391548,development
1391549,development
1392256,development
1392260,development
1392262,development
1392628,development
1393047,development
1394348,development
1394349,development
1396282,development
1397060,development
1397061,development
1397062,development
1397779,development
1397797,development
1397802,development
1398688,development
1400328,development
1400329,development
1400331,development
1400332,development
1400846,development
1401722,development
1401733,development
1401735,development
1402017,development
1402032,development
1402040,development
1402041,development
1402045,development
1403464,development
1404385,development
1404410,development
1404411,development
1405685,development
1410764,development
1410765,development
1410768,development
1410769,development
1410773,development
1410850,development
1412392,development
1412519,development
1412575,development
1415679,development
1416362,development
1417148,development
1417154,development
1417697,development
1418022,development
1418259,development
1418842,development
1418844,development
1418845,development
1418846,development
1418847,development
1420007,development
1421428,development
1421429,development
1421438,development
1422036,development
1422222,development
1422347,development
1422500,development
1422835,development
1422849,development
1423681,development
1426023,development
1427659,development
1428328,development
1428331,development
1428779,development
1430041,development
1430080,development
1430081,development
1430082,development
1441513,development
1441515,development
1441516,development
1441817,development
1442157,development
1444597,development
1444615,development
1445215,development
1445281,development
1446726,development
1447815,development
1447817,development
1449645,development
1453122,development
1453124,development
1454707,development
1454708,development
1455272,development
1455482,development
1455485,development
1455790,development
1455886,development
1456171,development
1456346,development
1456881,development
1456886,development
1456909,development
1456912,development
1456917,development
1456921,development
1456922,development
1456952,development
1456993,development
1456995,development
1457000,development
1457002,development
1457005,development
1457012,development
1457031,development
1457039,development
1457160,development
1457168,development
1457175,development
1457176,development
1457177,development
1457179,development
1457180,development
1457181,development
1457183,development
1457184,development
1457185,development
1457192,development
1457199,development
1457201,development
1457202,development
1457217,development
1457229,development
1457230,development
1457231,development
1457240,development
1457245,development
1457251,development
1457256,development
1457335,development
1457337,development
1457338,development
1457339,development
1457341,development
1457342,development
1457344,development
1457346,development
1457409,development
1457411,development
1457416,development
1457417,development
1457518,development
1457834,development
1457835,development
1457840,development
1457948,development
1457990,development
1458088,development
1458834,development
1458842,development
1458844,development
1458847,development
1458850,development
1458851,development
1458920,development
1459226,development
1459514,development
1459515,development
1460018,development
1460019,development
1460020,development
1460021,development
1460808,development
1463441,development
1463483,development
1463507,development
1463510,development
1463555,development
1463566,development
1463568,development
1463591,development
1463594,development
1463595,development
1463602,development
1463603,development
1463604,development
1463609,development
1463619,development
1463620,development
1463625,development
1463632,development
1463637,development
1463707,development
1463765,development
1463769,development
1463772,development
1463773,development
1463784,development
1463786,development
1463787,development
1463788,development
1463790,development
1463791,development
1463799,development
1463801,development
1463805,development
1463806,development
1463807,development
1463808,development
1463810,development
1463812,development
1463819,development
1463820,development
1463851,development
1463855,development
1463857,development
1463859,development
1463865,development
1463866,development
1463867,development
1463882,development
1463883,development
1463885,development
1463886,development
1463887,development
1463896,development
1463898,development
1463899,development
1463900,development
1463914,development
1463934,development
1463935,development
1463992,development
1463993,development
1463994,development
1463995,development
1464002,development
1464005,development
1464008,development
1464010,development
1464025,development
1464029,development
1464031,development
1464035,development
1464038,development
1464039,development
1464041,development
1464043,development
1464045,development
1464063,development
1464070,development
1464071,development
1464072,development
1464073,development
1464076,development
1464079,development
1464087,development
1464090,development
1464091,development
1464094,development
1464095,development
1464099,development
1464133,development
1464134,development
1464177,development
1464186,development
1464188,development
1464192,development
1464194,development
1464201,development
1464205,development
1464208,development
1464209,development
1464210,development
1464217,development
1464218,development
1464237,development
1464239,development
1464246,development
1464256,development
1464257,development
1464302,development
1464312,development
1464907,development
1464910,development
1464919,development
1464941,development
1466039,development
1466047,development
1466049,development
1466281,development
1466286,development
1466288,development
1466826,development
1466827,development
1466830,development
1466833,development
1466835,development
1466836,development
1467082,development
1467093,development
1471143,development
1471460,development
1471461,development
1471722,development
1471903,development
1471911,development
1472451,development
1472484,development
1472485,development
1472489,development
1473393,development
1473394,development
1473402,development
1473403,development
1473404,development
1473405,development
1473406,development
1473409,development
1473410,development
1473411,development
1473412,development
1473413,development
1473415,development
1473427,development
1473428,development
1473474,development
1473475,development
1473478,development
1473479,development
1473480,development
1473481,development
1473484,development
1473485,development
1473486,development
1473487,development
1473488,development
1473500,development
1473509,development
1473511,development
1489662,development
1489694,development
1489741,development
1489833,development
1489837,development
1489838,development
1489853,development
1489868,development
1489870,development
1489871,development
1489873,development
1489880,development
1489881,development
1489882,development
1489886,development
1489890,development
1489897,development
1489899,development
1489900,development
1489908,development
1490588,development
1492315,development
1501508,development
1501520,development
1501521,development
1501524,development
1501525,development
1501541,development
1501544,development
1501547,development
1501559,development
1501570,development
1501581,development
1502391,development
1502392,development
1503117,development
1503823,development
1503844,development
1503847,development
1503854,development
1503855,development
1532033,development
1532035,development
1533184,development
1533338,development
1533357,development
1533358,development
1533364,development
1550461,development
1575223,development
1575231,development
1575235,development
1575237,development
1575239,development
1575240,development
1575246,development
1576262,development
1576263,development
1576265,development
1576285,development
1576312,development
1576315,development
1576316,development
1576317,development
1576318,development
1576322,development
1576323,development
1576324,development
1576325,development
1576326,development
1576328,development
1576329,development
1576330,development
1576332,development
1576589,development
1579069,development
1579070,development
1583407,development
1583522,development
1583523,development
1583544,development
1584298,development
1584300,development
1584303,development
1584307,development
1584309,development
1584344,development
1584348,development
1584353,development
1584358,development
1584363,development
1584369,development
1584379,development
1584390,development
1584399,development
1584574,development
1584575,development
1584576,development
1588319,development
1609729,development
1609730,development
1609836,development
1621529,development
1639937,development
1642398,development
1642399,development
1642400,development
1642401,development
1660188,development
1660191,development
1660194,development
1660239,development
1660261,development
1660271,development
1660272,development
1662320,development
1672580,development
1673264,development
1673295,development
1673297,development
1686635,development
1686637,development
1686641,development
1686644,development
1686650,development
1686652,development
1686656,development
1686663,development
1686664,development
1686665,development
1686668,development
1686685,development
1689854,development
1689920,development
1689929,development
1693647,development
1693652,development
1693653,development
1693656,development
1693657,development
1695813,development
1695815,development
1695816,development
1695823,development
1695828,development
1695830,development
1695831,development
1695835,development
1695836,development
1695837,development
1695840,development
1695841,development
1695844,development
1695845,development
1695847,development
1695860,development
1695865,development
1695872,development
1695873,development
1695874,development
1695879,development
1695882,development
1695886,development
1695888,development
1695904,development
1695907,development
1695912,development
1695925,development
1695931,development
1695932,development
1695936,development
1695950,development
1695956,development
1695959,development
1695964,development
1695971,development
1695979,development
1695983,development
1695984,development
1695995,development
1695999,development
1696003,development
1696007,development
1696008,development
1696013,development
1696015,development
1696020,development
1696021,development
1696023,development
1696025,development
1696026,development
1696036,development
1696039,development
1696044,development
1696046,development
1696047,development
1696051,development
1696052,development
1707160,development
1709252,development
1711747,development
1717057,development
1717134,development
1717181,development
1717269,development
1717640,development
1718310,development
1718319,development
1719504,development
1726009,development
1726956,development
1741423,development
1751174,development
1751175,development
1765164,development
1898959,development
1898998,development
1900715,development
1903428,development
1903432,development
1903500,development
1903717,development
1905638,development
1908028,development
1908340,development
1909408,development
1909409,development
1909411,development
1909412,development
1909453,development
1909482,development
1909724,development
1909748,development
1909752,development
1909754,development
1909770,development
1909901,development
1910055,development
1911102,development
1911336,development
1912671,development
1913055,development
1913236,development
1913257,development
1913258,development
1913462,development
1913463,development
1913464,development
1913595,development
1913599,development
1913600,development
1913604,development
1913813,development
1914276,development
1914280,development
1914367,development
1914503,development
1914782,development
1915000,development
1915036,development
1915102,development
1916165,development
1916208,development
1916209,development
1916577,development
1916578,development
1916579,development
1917879,development
1918621,development
1919933,development
1919935,development
1919937,development
1919977,development
1920035,development
1920045,development
1920046,development
1920059,development
1920069,development
1920071,development
1920072,development
1920080,development
1920084,development
1920095,development
1920117,development
1920141,development
1920284,development
1921769,development
1921770,development
1922657,development
1924591,development
1924661,development
1924662,development
1926105,development
1926106,development
1926107,development
1926217,development
1930967,development
1931046,development
1931079,development
1932492,development
1933240,development
1935459,development
1935465,development
1936173,development
1936589,development
1936629,development
1936647,development
1936771,development
1936931,development
1937083,development
1937350,development
1937443,development
1937454,development
1937608,development
1937611,development
1937662,development
1938021,development
1938490,development
1938600,development
1939144,development
1939221,development
1939239,development
1939531,development
1940026,development
1940454,development
1940466,development
1943149,development
1943435,development
1943792,development
1944334,development
1944889,development
1944899,development
1945851,development
1945991,development
1946155,development
1946325,development
1948161,development
1948220,development
1948372,development
1948448,development
1948483,development
1948550,development
1948632,development
1949662,development
1949872,development
1949898,development
1950029,development
1950170,development
1950263,development
1950301,development
1950405,development
1950658,development
1951039,development
1951042,development
1954510,development
1954663,development
1954766,development
1954771,development
1955347,development
1956004,development
1956479,development
1956622,development
1957078,development
1957773,development
1958171,development
1958175,development
1958179,development
1958181,development
1958186,development
1958187,development
1958189,development
1958191,development
1958193,development
1958200,development
1958201,development
1958202,development
1958210,development
1958216,development
1958217,development
1958218,development
1958219,development
1958226,development
1958231,development
1958252,development
1958262,development
1958268,development
1959817,development
1960256,development
1960304,development
1960591,development
1960613,development
1960691,development
1960765,development
1960806,development
1960892,development
1960944,development
1961065,development
1961112,development
1961161,development
1961293,development
1961595,development
1961606,development
1962621,development
1962694,development
1962824,development
1963277,development
1963324,development
1963330,development
1963348,development
1963363,development
1963459,development
1963540,development
1963591,development
1963606,development
1963740,development
1963752,development
1963811,development
1963892,development
1964356,development
1964738,development
1964739,development
1964804,development
1964810,development
1965358,development
1965367,development
1965457,development
1965539,development
1965732,development
1965878,development
1966167,development
1967038,development
1967566,development
1967642,development
1967660,development
1967914,development
1968073,development
1968167,development
1968318,development
1968390,development
1968666,development
1968938,development
1969477,development
1969485,development
1969675,development
1969863,development
1969899,development
1969929,development
1970207,development
1970831,development
1971255,development
1971317,development
1971338,development
1971365,development
1971373,development
1971394,development
1971423,development
1971436,development
1971730,development
1971792,development
1972138,development
1972227,development
1972316,development
1972443,development
1972462,development
1972587,development
1972601,development
1972763,development
1972822,development
1973454,development
1973606,development
1973919,development
1974834,development
1974848,development
1974931,development
1975439,development
1975468,development
1975512,development
1975514,development
1975558,development
1975562,development
1975571,development
1975578,development
1975584,development
1975602,development
1975649,development
1975686,development
1975715,development
1976186,development
1976284,development
1976342,development
1976349,development
1976710,development
1977218,development
1977420,development
1977486,development
1977901,development
1977997,development
1978835,development
1979268,development
1980532,development
1980590,development
1980702,development
1980754,development
1981370,development
1981470,development
1981836,development
1981900,development
1982059,development
1985099,development
1986436,development
1986500,development
1986524,development
1986603,development
1986680,development
1986760,development
1987152,development
1987263,development
1987383,development
1987464,development
1987653,development
1987709,development
1987893,development
1988256,development
1988377,development
1988467,development
1988754,development
1988902,development
1988975,development
1989346,development
1990061,development
1990194,development
1990453,development
1990578,development
1990612,development
1990640,development
1990673,development
1990742,development
1990768,development
1991041,development
1991151,development
1991217,development
1991561,development
1992672,development
1993077,development
1993091,development
1993195,development
1993337,development
1993601,development
1993625,development
1993879,development
1994926,development
1997322,development
1997781,development
1997976,development
1998005,development
1998889,development
1999775,development
1999969,development
2000482,development
2000873,development
2001183,development
2002136,development
2002412,development
2002445,development
2002465,development
2002469,development
2002703,development
2003375,development
2003389,development
2003409,development
2003709,development
2004694,development
2004738,development
2004754,development
2005047,development
2005060,development
2005083,development
2005102,development
2005143,development
2005274,development
2005298,development
2005335,development
2005384,development
2005613,development
2005731,development
2005844,development
2005877,development
2005984,development
2006047,development
2006310,development
2006614,development
2006630,development
2006779,development
2006810,development
2006812,development
2007088,development
2007114,development
2007117,development
2007133,development
2007186,development
2007265,development
2007505,development
2008562,development
2008567,development
2008589,development
2008747,development
2009639,development
2010082,development
2010127,development
2010192,development
2010260,development
2010269,development
2010278,development
2010282,development
2010290,development
2010315,development
2010329,development
2010356,development
2010359,development
2010404,development
2010428,development
2010444,development
2010456,development
2010498,development
2010511,development
2010568,development
2010598,development
2010615,development
2010652,development
2010667,development
2010702,development
2010743,development
2010755,development
2010756,development
2010762,development
2010779,development
2010786,development
2010793,development
2010880,development
2010885,development
2010902,development
2010913,development
2010916,development
2010945,development
2010964,development
2010972,development
2010989,development
2011008,development
2011032,development
2011054,development
2011073,development
2011080,development
2011148,development
2011153,development
2011200,development
2011211,development
2011220,development
2011259,development
2011329,development
2011346,development
2011399,development
2011401,development
2011437,development
2011448,development
2011449,development
2011450,development
2011451,development
2011459,development
2011463,development
2011468,development
2011470,development
2011471,development
2011583,development
2011872,development
2011898,development
2011910,development
2011938,development
2012591,development
2013086,development
2013309,development
2013450,development
2013621,development
2013632,development
2013674,development
2013931,development
2014085,development
2014089,development
2014094,development
2014097,development
2014922,development
2015628,development
2015646,development
2015815,development
2015820,development
2015898,development
2016362,development
2016407,development
2016441,development
2016619,development
2016716,development
2016737,development
2016738,development
2016795,development
2016864,development
2017079,development
2017173,development
2017184,development
2017202,development
2017245,development
2017257,development
2017343,development
2017583,development
2018087,development
2018245,development
2018273,development
2018358,development
2018471,development
2018612,development
2018690,development
2018753,development
2019084,development
2026256,development
2026369,development
2026432,development
2026454,development
2026501,development
2026631,development
2026650,development
2026683,development
2026945,development
2026959,development
2026983,development
2027090,development
2027559,development
2027649,development
2027827,development
2028403,development
2028435,development
2028754,development
2028810,development
2028898,development
2028983,development
2029427,development
2029457,development
2029467,development
2029519,development
2030822,development
2031266,development
2031273,development
2031309,development
2031325,development
2031378,development
2032088,development
2032488,development
2033554,development
2033699,development
2034104,development
2034132,development
2034212,development
2035258,development
2035293,development
2035576,development
2035581,development
2036460,development
2036574,development
2036676,development
2037008,development
2037148,development
2037269,development
2037487,development
2040614,development
2040637,development
2040862,development
2042210,development
2042314,development
2042941,development
2042947,development
2043261,development
2043795,development
2043849,development
2045280,development
2045360,development
2045373,development
2045493,development
2045533,development
2045545,development
2045637,development
2045783,development
2045834,development
2045986,development
2046021,development
2046260,development
2046297,development
2046298,development
2046348,development
2046552,development
2046805,development
2046903,development
2046916,development
2047159,development
2047211,development
2047496,development
2047752,development
2048113,development
2048139,development
2048163,development
2048164,development
2048242,development
2048246,development
2048248,development
2048271,development
2048323,development
2048362,development
2048374,development
2048381,development
2048399,development
2048406,development
2048421,development
2048471,development
2048515,development
2048546,development
2048596,development
2048609,development
2048624,development
2048874,development
2049003,development
2049026,development
2049037,development
2049153,development
2049304,development
2049778,development
2051064,development
2052563,development
2053564,development
2053590,development
2053614,development
2053630,development
2054291,development
2054300,development
2054580,development
2054605,development
2054635,development
2054903,development
2056549,development
2056764,development
2056876,development
2057033,development
2057231,development
2057387,development
2057442,development
2058362,development
2058758,development
2058764,development
2058907,development
2059122,development
2059277,development
2059342,development
2059647,development
2060910,development
2061025,development
2061033,development
2061121,development
2061214,development
2061781,development
2062912,development
2067333,development
2068536,development
2072545,development
2075374,development
2075733,development
2076761,development
2081050,development
2081056,development
2081064,development
2081142,development
2081161,development
2081175,development
2084557,development
2084706,development
2086882,development
2087374,development
2087409,development
2087978,development
2088860,development
2088946,development
2089036,development
2089224,development
2089250,development
2089276,development
2089339,development
2090125,development
2101795,development
2105347,development
2109909,development
2109969,development
2110456,development
2111684,development
2111870,development
2112280,development
2112303,development
2112404,development
2112461,development
2112462,development
2112607,development
2113343,development
2113914,development
2116139,development
2116238,development
2117783,development
2118397,development
2118662,development
2120180,development
2120216,development
2120506,development
2121319,development
2121690,development
2122676,development
2122868,development
2122947,development
2123036,development
2123209,development
2123410,development
2123468,development
2123727,development
2123747,development
2123750,development
2123775,development
2123790,development
2123839,development
2123859,development
2123863,development
2124052,development
2124705,development
2125814,development
2126944,development
2127024,development
2127114,development
2127544,development
2127651,development
2127733,development
2127825,development
2127921,development
2128799,development
2129334,development
2129350,development
2129515,development
2129616,development
2129678,development
2129786,development
2130131,development
2130265,development
2130352,development
2130521,development
2130526,development
2130553,development
2131010,development
2131572,development
2132163,development
2132318,development
2132945,development
2132957,development
2134058,development
103501,validation
103665,validation
105576,validation
108952,validation
115891,validation
119023,validation
155607,validation
158788,validation
162066,validation
164088,validation
165988,validation
168930,validation
168931,validation
169101,validation
170791,validation
179274,validation
208498,validation
208514,validation
208659,validation
208699,validation
212552,validation
213652,validation
214860,validation
214862,validation
215331,validation
219147,validation
221506,validation
227728,validation
252970,validation
255161,validation
258411,validation
258537,validation
262358,validation
263583,validation
264300,validation
265254,validation
269287,validation
311954,validation
318932,validation
329362,validation
354922,validation
363049,validation
371130,validation
401817,validation
402174,validation
402299,validation
404332,validation
404442,validation
407533,validation
409738,validation
426155,validation
452022,validation
458029,validation
461752,validation
464385,validation
467808,validation
470762,validation
472314,validation
472658,validation
476707,validation
507641,validation
513853,validation
517906,validation
554048,validation
554145,validation
557289,validation
559870,validation
559872,validation
564533,validation
564534,validation
567517,validation
581742,validation
582864,validation
586969,validation
621300,validation
627885,validation
634054,validation
638977,validation
640286,validation
663084,validation
671039,validation
671051,validation
671079,validation
682321,validation
686036,validation
687549,validation
740714,validation
740723,validation
740726,validation
741201,validation
750855,validation
754103,validation
757888,validation
758861,validation
781794,validation
795610,validation
796394,validation
802832,validation
802833,validation
804503,validation
804932,validation
816679,validation
819194,validation
819195,validation
819206,validation
819209,validation
819227,validation
820645,validation
823245,validation
830624,validation
838413,validation
839545,validation
841583,validation
843609,validation
843610,validation
844019,validation
850389,validation
852937,validation
859529,validation
870545,validation
871512,validation
871600,validation
872306,validation
877513,validation
881912,validation
888763,validation
907671,validation
913968,validation
926958,validation
938126,validation
938575,validation
954553,validation
956014,validation
979554,validation
987769,validation
996597,validation
1014864,validation
1038937,validation
1044584,validation
1047682,validation
1047703,validation
1047717,validation
1047772,validation
1049595,validation
1064018,validation
1085148,validation
1085246,validation
1089044,validation
1089820,validation
1089845,validation
1091338,validation
1091367,validation
1091368,validation
1092106,validation
1096235,validation
1109325,validation
1113872,validation
1121515,validation
1124165,validation
1146803,validation
1148753,validation
1150954,validation
1154749,validation
1158705,validation
1159726,validation
1159728,validation
1160754,validation
1161046,validation
1162759,validation
1162932,validation
1162934,validation
1165989,validation
1166474,validation
1167188,validation
1168741,validation
1176560,validation
1179109,validation
1179117,validation
1179581,validation
1225771,validation
1228937,validation
1228994,validation
1229676,validation
1229920,validation
1230060,validation
1235334,validation
1237005,validation
1239720,validation
1239748,validation
1239749,validation
1239785,validation
1239789,validation
1239813,validation
1239815,validation
1239820,validation
1239840,validation
1239852,validation
1239858,validation
1239859,validation
1239861,validation
1239876,validation
1239890,validation
1239986,validation
1243817,validation
1257555,validation
1259007,validation
1281253,validation
1289417,validation
1304488,validation
1304491,validation
1306198,validation
1320180,validation
1321332,validation
1324174,validation
1332688,validation
1344755,validation
1345071,validation
1348487,validation
1349808,validation
1354711,validation
1354713,validation
1369875,validation
1369973,validation
1372309,validation
1372585,validation
1373444,validation
1386506,validation
1386894,validation
1390351,validation
1390405,validation
1393033,validation
1395693,validation
1397067,validation
1399750,validation
1402024,validation
1402643,validation
1411065,validation
1412379,validation
1430083,validation
1456931,validation
1456994,validation
1456997,validation
1457178,validation
1457333,validation
1458849,validation
1459067,validation
1463451,validation
1463587,validation
1463693,validation
1463771,validation
1463798,validation
1463800,validation
1463825,validation
1463862,validation
1463897,validation
1463998,validation
1464028,validation
1464066,validation
1464077,validation
1464081,validation
1464082,validation
1464086,validation
1464097,validation
1464153,validation
1464198,validation
1464207,validation
1464238,validation
1464240,validation
1464241,validation
1464309,validation
1464469,validation
1465644,validation
1466819,validation
1467088,validation
1471956,validation
1473425,validation
1473476,validation
1473482,validation
1473489,validation
1489691,validation
1489836,validation
1502383,validation
1503899,validation
1575245,validation
1575249,validation
1575252,validation
1579082,validation
1584293,validation
1584295,validation
1584305,validation
1625605,validation
1642397,validation
1660193,validation
1660260,validation
1693645,validation
1695846,validation
1695875,validation
1695901,validation
1695965,validation
1696014,validation
1717271,validation
1726002,validation
1899450,validation
1903391,validation
1905800,validation
1906099,validation
1909729,validation
1913596,validation
1914277,validation
1920057,validation
1920067,validation
1920863,validation
1923218,validation
1929795,validation
1930065,validation
1932493,validation
1932980,validation
1936510,validation
1937039,validation
1942510,validation
1946668,validation
1958223,validation
1958249,validation
1963265,validation
1963404,validation
1963684,validation
1963919,validation
1964111,validation
1965853,validation
1967150,validation
1968452,validation
1970094,validation
1970428,validation
1971461,validation
1972039,validation
1972782,validation
1975527,validation
1975598,validation
1975680,validation
1979200,validation
1980485,validation
1986825,validation
1991097,validation
1994941,validation
1997895,validation
1998078,validation
2001209,validation
2002043,validation
2002166,validation
2002963,validation
2006144,validation
2009827,validation
2010125,validation
2010216,validation
2010235,validation
2010419,validation
2010487,validation
2010574,validation
2010837,validation
2010959,validation
2011105,validation
2011155,validation
2011218,validation
2011266,validation
2017241,validation
2026312,validation
2026597,validation
2026609,validation
2026858,validation
2026893,validation
2027252,validation
2028217,validation
2028307,validation
2028404,validation
2028696,validation
2029543,validation
2030002,validation
2033805,validation
2042436,validation
2043559,validation
2046528,validation
2046591,validation
2046670,validation
2047495,validation
2047506,validation
2047508,validation
2048141,validation
2048182,validation
2048358,validation
2049081,validation
2053874,validation
2058895,validation
2060793,validation
2062477,validation
2067123,validation
2083837,validation
2083859,validation
2087567,validation
2106464,validation
2108843,validation
2114812,validation
2120723,validation
2120768,validation
2122188,validation
2123791,validation
2126842,validation
2127175,validation
2127992,validation
2129994,validation
2130219,validation
2130474,validation
2131699,validation
2134244,validation
813167,confirmation
627263,confirmation
315712,confirmation
123601,confirmation
996122,confirmation
164647,confirmation
1695887,confirmation
1083518,confirmation
1466832,confirmation
1458848,confirmation
1457359,confirmation
1958177,confirmation
1229500,confirmation
1253470,confirmation
939663,confirmation
1576314,confirmation
1914786,confirmation
700610,confirmation
1931047,confirmation
1695989,confirmation
368213,confirmation
1463936,confirmation
2010693,confirmation
1584301,confirmation
1418484,confirmation
1239847,confirmation
671055,confirmation
1956062,confirmation
1464093,confirmation
1453123,confirmation
329397,confirmation
1471462,confirmation
838215,confirmation
1717663,confirmation
2114752,confirmation
2027203,confirmation
1507720,confirmation
668753,confirmation
1998945,confirmation
1146802,confirmation
1167544,confirmation
1457228,confirmation
1373081,confirmation
1239953,confirmation
1463823,confirmation
1134971,confirmation
2116416,confirmation
1695991,confirmation
215352,confirmation
2011328,confirmation
850334,confirmation
1230003,confirmation
843608,confirmation
1239739,confirmation
638240,confirmation
1371620,confirmation
1178697,confirmation
1463509,confirmation
1076066,confirmation
1459225,confirmation
217827,confirmation
2029494,confirmation
215896,confirmation
1909699,confirmation
2006089,confirmation
1471913,confirmation
2091318,confirmation
849098,confirmation
457556,confirmation
1400826,confirmation
1309297,confirmation
105577,confirmation
1463484,confirmation
1148018,confirmation
1457001,confirmation
1353969,confirmation
1584365,confirmation
1464092,confirmation
1583526,confirmation
502182,confirmation
895291,confirmation
1306199,confirmation
314880,confirmation
1689921,confirmation
1162761,confirmation
639586,confirmation
1005458,confirmation
586423,confirmation
1350565,confirmation
2011243,confirmation
757880,confirmation
658609,confirmation
302995,confirmation
368139,confirmation
2011110,confirmation
1939424,confirmation
2011127,confirmation
890374,confirmation
1320701,confirmation
1084882,confirmation
210798,confirmation
1464258,confirmation
1695935,confirmation
660323,confirmation
1463596,confirmation
2084278,confirmation
1463610,confirmation
1079329,confirmation
853195,confirmation
2027777,confirmation
557285,confirmation
1920016,confirmation
1080001,confirmation
1062927,confirmation
457928,confirmation
740713,confirmation
857331,confirmation
1919674,confirmation
1457004,confirmation
1919795,confirmation
2087543,confirmation
165693,confirmation
460804,confirmation
1463864,confirmation
1463814,confirmation
1964850,confirmation
1948305,confirmation
1010752,confirmation
2011927,confirmation
2081139,confirmation
1422817,confirmation
464906,confirmation
1457247,confirmation
1009998,confirmation
660310,confirmation
346065,confirmation
1456910,confirmation
671908,confirmation
1336459,confirmation
414620,confirmation
1489869,confirmation
2129387,confirmation
1457020,confirmation
829414,confirmation
1726000,confirmation
2056557,confirmation
1965425,confirmation
2011934,confirmation
1109173,confirmation
1173210,confirmation
1958185,confirmation
509872,confirmation
1179579,confirmation
853196,confirmation
1379158,confirmation
2012970,confirmation
264452,confirmation
1379210,confirmation
1342009,confirmation
1300325,confirmation
464112,confirmation
2012385,confirmation
1321497,confirmation
205381,confirmation
115267,confirmation
1965978,confirmation
428054,confirmation
1695905,confirmation
1354383,confirmation
699688,confirmation
1352754,confirmation
870546,confirmation
1457239,confirmation
2011216,confirmation
1464607,confirmation
1084425,confirmation
1463783,confirmation
872310,confirmation
1153584,confirmation
276560,confirmation
870544,confirmation
428488,confirmation
437609,confirmation
302824,confirmation
1576327,confirmation
1016067,confirmation
1576313,confirmation
2053415,confirmation
1342007,confirmation
1958166,confirmation
1472487,confirmation
564274,confirmation
168989,confirmation
1091467,confirmation
1444600,confirmation
169028,confirmation
1146974,confirmation
888630,confirmation
2081095,confirmation
1328495,confirmation
402175,confirmation
838875,confirmation
329361,confirmation
2042614,confirmation
205486,confirmation
2048674,confirmation
1082907,confirmation
813769,confirmation
2060787,confirmation
1463888,confirmation
1422837,confirmation
1658994,confirmation
1072167,confirmation
988408,confirmation
852938,confirmation
1444598,confirmation
999546,confirmation
1410792,confirmation
2123711,confirmation
2010519,confirmation
584188,confirmation
2011225,confirmation
1935601,confirmation
884878,confirmation
1146783,confirmation
2103250,confirmation
1213906,confirmation
567623,confirmation
1459692,confirmation
851982,confirmation
315220,confirmation
1079220,confirmation
1054129,confirmation
907684,confirmation
258376,confirmation
2099230,confirmation
1980816,confirmation
1047696,confirmation
504457,confirmation
1328907,confirmation
557256,confirmation
1463860,confirmation
2010379,confirmation
1464065,confirmation
378332,confirmation
1038950,confirmation
1239879,confirmation
2129892,confirmation
1464074,confirmation
582863,confirmation
