item_nbr,observed_store_count
96995,25.0
99197,26.0
103501,28.0
103520,54.0
103665,41.0
105574,27.0
105575,29.0
105576,27.0
105577,26.0
105693,54.0
105737,27.0
105857,54.0
106716,53.0
108079,53.0
108634,39.0
108696,47.0
108698,41.0
108701,50.0
108786,54.0
108797,54.0
108831,50.0
108833,27.0
108862,28.0
108952,54.0
111223,54.0
111397,54.0
112830,47.0
114778,50.0
114790,54.0
114799,54.0
114800,27.0
115267,54.0
115611,53.0
115693,54.0
115720,54.0
115847,44.0
115850,54.0
115891,48.0
115892,54.0
115893,53.0
115894,54.0
116017,54.0
116018,53.0
116279,53.0
116311,40.0
119023,54.0
119024,38.0
119026,27.0
119141,54.0
119187,52.0
119191,27.0
119193,27.0
119624,54.0
121964,53.0
122095,42.0
122418,25.0
122419,54.0
122425,54.0
123347,39.0
123601,54.0
123602,52.0
123927,39.0
125430,52.0
127534,53.0
127547,38.0
129296,54.0
129297,54.0
129635,54.0
129758,27.0
129759,27.0
153078,28.0
153239,52.0
153267,54.0
153395,54.0
153398,51.0
155499,27.0
155500,27.0
155600,27.0
155601,27.0
155607,54.0
155610,54.0
155621,54.0
155625,40.0
157956,54.0
158680,39.0
158788,54.0
158789,41.0
158842,27.0
158875,54.0
158956,54.0
159156,27.0
159242,53.0
161288,53.0
162066,54.0
164036,39.0
164037,38.0
164088,49.0
164647,54.0
165550,54.0
165551,38.0
165553,40.0
165594,54.0
165693,54.0
165704,54.0
165705,41.0
165718,54.0
165727,54.0
165988,54.0
167437,30.0
168927,27.0
168930,27.0
168931,27.0
168989,54.0
169028,53.0
169101,26.0
169104,19.0
170791,27.0
171890,54.0
172184,54.0
172343,54.0
172995,37.0
173111,53.0
173113,47.0
174081,50.0
176411,39.0
177050,53.0
177395,54.0
179274,39.0
179564,39.0
179579,27.0
179600,40.0
179615,51.0
205209,24.0
205381,27.0
205387,54.0
205486,33.0
205557,40.0
207857,54.0
208384,54.0
208386,27.0
208426,48.0
208498,54.0
208514,54.0
208530,54.0
208539,50.0
208659,53.0
208699,31.0
209085,54.0
210520,35.0
210798,54.0
211203,54.0
211205,54.0
211206,54.0
211999,54.0
212550,54.0
212552,54.0
213066,54.0
213652,54.0
213653,54.0
213788,54.0
214381,54.0
214859,54.0
214860,54.0
214862,54.0
215303,54.0
215304,54.0
215327,54.0
215331,54.0
215332,54.0
215352,53.0
215356,54.0
215370,53.0
215468,51.0
215896,52.0
217827,54.0
218726,27.0
218728,27.0
219147,53.0
219150,54.0
219152,54.0
220432,28.0
220435,51.0
220613,51.0
221506,54.0
222879,54.0
222975,54.0
223068,54.0
223136,54.0
223434,54.0
223463,40.0
224081,54.0
226126,54.0
226857,54.0
227111,26.0
227728,53.0
229368,54.0
246052,53.0
250782,54.0
252698,29.0
252970,27.0
252972,27.0
253103,52.0
253145,54.0
255161,54.0
255198,27.0
255199,27.0
255202,27.0
257847,54.0
257848,54.0
258268,27.0
258376,54.0
258395,54.0
258396,54.0
258411,54.0
258537,40.0
260628,27.0
260669,53.0
260893,38.0
261052,54.0
261053,54.0
261700,54.0
262358,39.0
262991,54.0
263583,53.0
264299,54.0
264300,28.0
264305,27.0
264452,44.0
264576,38.0
264751,54.0
264752,54.0
264753,40.0
265086,38.0
265237,54.0
265254,53.0
265257,44.0
265258,38.0
265266,47.0
265279,54.0
265382,36.0
265559,54.0
265672,54.0
265700,54.0
268440,54.0
268443,38.0
268446,27.0
268623,27.0
268662,54.0
268664,53.0
268676,54.0
268834,54.0
269029,54.0
269036,54.0
269084,54.0
269286,45.0
269287,53.0
270522,52.0
271478,52.0
271479,51.0
273528,54.0
273859,40.0
275823,54.0
275826,39.0
276560,28.0
278806,54.0
279125,27.0
279137,54.0
279157,32.0
279494,52.0
302824,27.0
302952,45.0
302995,27.0
302997,54.0
302998,54.0
305074,27.0
305079,27.0
305080,27.0
305081,43.0
305227,27.0
305229,27.0
305234,27.0
305237,27.0
305341,54.0
305344,54.0
305345,54.0
307740,29.0
308085,48.0
308726,42.0
308766,53.0
308916,54.0
308924,54.0
310644,27.0
310647,34.0
310671,54.0
310790,27.0
311954,54.0
311994,27.0
312113,53.0
312317,53.0
312324,47.0
312596,24.0
313094,0.0
313641,54.0
314384,54.0
314393,54.0
314570,54.0
314879,54.0
314880,54.0
314881,54.0
315176,54.0
315178,53.0
315179,54.0
315180,40.0
315220,54.0
315221,54.0
315277,54.0
315279,53.0
315320,53.0
315322,54.0
315460,54.0
315463,54.0
315473,51.0
315474,54.0
315712,54.0
315713,39.0
315753,32.0
317147,24.0
317285,33.0
318787,29.0
318847,39.0
318932,50.0
318935,54.0
319093,54.0
319094,39.0
319095,49.0
319272,54.0
320681,24.0
320682,50.0
321798,52.0
322094,54.0
322095,54.0
323013,54.0
323217,38.0
323227,54.0
323921,54.0
324206,54.0
326951,53.0
329070,54.0
329071,54.0
329361,27.0
329362,27.0
329364,27.0
329365,27.0
329397,50.0
346065,54.0
346066,54.0
346406,27.0
352513,54.0
354918,27.0
354919,27.0
354922,48.0
354964,53.0
354971,27.0
355090,54.0
355091,54.0
357961,27.0
357962,27.0
357963,27.0
357996,49.0
358096,54.0
358100,54.0
358134,27.0
358231,54.0
358232,54.0
358264,40.0
358272,54.0
358515,54.0
358519,44.0
358561,54.0
358564,40.0
359913,33.0
360313,36.0
360314,27.0
360703,42.0
360704,35.0
360705,39.0
361502,54.0
362035,40.0
362548,54.0
363049,54.0
363868,50.0
363889,37.0
363895,54.0
364413,54.0
364606,54.0
364724,54.0
364738,54.0
364829,54.0
364832,54.0
364834,53.0
364865,54.0
365138,54.0
365139,54.0
365140,39.0
365264,53.0
368136,54.0
368139,41.0
368140,54.0
368213,39.0
368260,54.0
368270,30.0
368419,51.0
368424,39.0
368624,54.0
368628,52.0
369432,39.0
370042,28.0
371130,54.0
371218,36.0
371434,54.0
371437,54.0
371438,54.0
372369,49.0
372480,39.0
372924,54.0
372937,24.0
373152,54.0
374464,53.0
376194,38.0
376427,52.0
376483,35.0
377978,54.0
378330,54.0
378332,40.0
378685,54.0
401817,54.0
401911,54.0
402136,27.0
402174,39.0
402175,54.0
402299,33.0
404332,27.0
404333,27.0
404334,27.0
404336,27.0
404439,23.0
404442,27.0
404454,53.0
405304,54.0
406965,54.0
407499,27.0
407500,27.0
407533,52.0
407542,53.0
407552,27.0
407608,44.0
407769,54.0
409738,54.0
409739,33.0
409904,54.0
410150,40.0
410257,54.0
410866,53.0
411487,54.0
411555,53.0
411557,39.0
413557,30.0
413986,39.0
413987,54.0
414305,53.0
414353,54.0
414354,54.0
414421,54.0
414425,54.0
414426,54.0
414454,54.0
414455,54.0
414478,54.0
414620,52.0
414621,54.0
414623,40.0
414750,54.0
414752,53.0
414888,54.0
416252,28.0
417763,27.0
417765,27.0
417835,54.0
418024,40.0
418025,51.0
418026,51.0
418235,54.0
418238,54.0
419729,29.0
420720,33.0
421066,54.0
422452,53.0
426155,52.0
428054,54.0
428394,28.0
428488,54.0
437609,52.0
452022,45.0
452078,27.0
452079,27.0
452212,52.0
454326,27.0
454413,17.0
454414,27.0
454416,27.0
454426,41.0
454589,54.0
454593,32.0
454596,54.0
456870,54.0
456875,54.0
457424,27.0
457425,38.0
457471,35.0
457556,54.0
457574,54.0
457688,54.0
457727,29.0
457928,54.0
458029,54.0
459762,53.0
459801,39.0
459804,54.0
460804,54.0
461432,54.0
461752,11.0
462673,54.0
463458,49.0
463598,54.0
463816,53.0
463901,54.0
463903,54.0
464112,25.0
464263,54.0
464302,54.0
464333,54.0
464334,54.0
464336,54.0
464339,54.0
464356,32.0
464374,54.0
464385,40.0
464536,45.0
464906,54.0
464907,54.0
464940,54.0
467808,54.0
467887,54.0
468057,42.0
468058,40.0
468265,54.0
469643,49.0
470624,54.0
470625,39.0
470760,54.0
470762,53.0
471980,54.0
471985,53.0
472314,54.0
472526,54.0
472645,53.0
472658,53.0
476261,26.0
476707,53.0
479200,23.0
502067,54.0
502182,46.0
502224,40.0
502227,54.0
502230,54.0
502331,54.0
504457,17.0
506717,54.0
507354,27.0
507457,53.0
507478,27.0
507479,35.0
507641,27.0
507867,40.0
507870,54.0
507927,53.0
507958,47.0
507969,27.0
508069,39.0
508947,38.0
509872,29.0
509877,46.0
510052,37.0
510054,54.0
510055,54.0
510057,36.0
511172,51.0
511394,52.0
511397,54.0
513379,54.0
513853,54.0
513855,54.0
514144,54.0
514149,54.0
514172,54.0
514242,54.0
514327,53.0
514444,49.0
514445,51.0
514446,39.0
514597,54.0
514729,54.0
514730,54.0
514757,54.0
517615,54.0
517903,40.0
517904,52.0
517905,52.0
517906,52.0
517909,39.0
518091,54.0
518094,54.0
519560,39.0
519718,33.0
521818,54.0
522383,54.0
522721,54.0
522941,54.0
523054,37.0
525887,54.0
525902,38.0
527757,44.0
546043,26.0
551893,27.0
552050,35.0
554047,27.0
554048,27.0
554049,54.0
554143,26.0
554144,27.0
554145,27.0
554152,54.0
556698,54.0
557241,54.0
557256,54.0
557257,54.0
557285,54.0
557286,39.0
557289,27.0
557305,27.0
557408,54.0
557420,32.0
557810,54.0
558730,40.0
559044,44.0
559493,27.0
559494,54.0
559680,54.0
559682,39.0
559870,54.0
559872,39.0
559873,54.0
562568,54.0
563654,39.0
563966,54.0
564110,54.0
564272,54.0
564274,54.0
564287,54.0
564288,53.0
564533,54.0
564534,54.0
567517,4.0
567579,54.0
567588,54.0
567623,54.0
567644,39.0
567750,54.0
567778,52.0
567779,53.0
567781,39.0
567787,38.0
568133,54.0
570869,26.0
570870,25.0
570917,54.0
570922,54.0
572838,54.0
573832,54.0
574898,54.0
575630,39.0
575675,51.0
575863,54.0
575875,27.0
575876,33.0
577740,54.0
577741,52.0
577743,53.0
577745,39.0
578097,54.0
578467,53.0
579759,54.0
580929,54.0
581078,54.0
581742,54.0
582863,27.0
582864,27.0
582865,27.0
583795,27.0
583797,27.0
583799,27.0
583868,27.0
583925,27.0
583927,24.0
583931,27.0
583968,27.0
583973,27.0
583975,27.0
583977,27.0
583978,27.0
583985,28.0
584026,27.0
584027,27.0
584028,28.0
584030,27.0
584032,22.0
584076,27.0
584077,27.0
584078,26.0
584099,27.0
584101,24.0
584103,27.0
584123,27.0
584125,26.0
584126,29.0
584129,25.0
584188,26.0
584246,25.0
586423,51.0
586823,54.0
586824,38.0
586911,53.0
586967,27.0
586969,54.0
587069,54.0
587104,26.0
587156,27.0
587157,27.0
587186,27.0
589403,38.0
592801,51.0
592942,54.0
594045,44.0
598414,54.0
598492,54.0
603255,53.0
608035,26.0
617092,27.0
617096,27.0
617103,27.0
617113,27.0
617548,54.0
617763,53.0
619965,52.0
619969,27.0
621300,54.0
622958,27.0
623316,26.0
623317,28.0
623330,27.0
627263,54.0
627885,54.0
627887,54.0
633735,23.0
633977,27.0
633996,27.0
633997,26.0
634008,27.0
634009,27.0
634010,27.0
634014,27.0
634015,23.0
634054,27.0
636846,26.0
637016,52.0
638240,54.0
638296,54.0
638308,54.0
638327,41.0
638977,27.0
638978,27.0
639586,52.0
640286,27.0
641042,54.0
641627,24.0
645294,54.0
648313,54.0
651326,54.0
651523,27.0
651525,28.0
655427,54.0
655744,54.0
655749,27.0
655840,49.0
657869,54.0
658608,41.0
658609,54.0
660310,13.0
660311,13.0
660312,13.0
660318,13.0
660319,13.0
660320,13.0
660321,13.0
660323,13.0
660502,27.0
660503,33.0
661582,24.0
663084,27.0
664537,40.0
664539,54.0
664543,54.0
664545,54.0
668752,54.0
668753,47.0
668754,49.0
671039,54.0
671051,53.0
671055,34.0
671062,53.0
671066,27.0
671067,31.0
671068,29.0
671076,54.0
671079,53.0
671083,54.0
671084,40.0
671684,33.0
671699,37.0
671706,39.0
671708,39.0
671908,49.0
673306,40.0
673415,36.0
673496,27.0
675524,48.0
679442,51.0
679602,41.0
679603,40.0
679604,40.0
679926,40.0
681606,26.0
682321,27.0
682884,26.0
683720,54.0
683721,54.0
683722,54.0
683723,54.0
686034,47.0
686035,49.0
686036,54.0
687549,54.0
688279,51.0
691945,39.0
692104,27.0
692105,27.0
692106,27.0
692531,54.0
692537,54.0
695758,32.0
696183,54.0
698642,27.0
698643,27.0
699686,26.0
699687,25.0
699688,21.0
699689,20.0
699692,27.0
699693,25.0
699703,27.0
699745,24.0
700607,54.0
700609,54.0
700610,54.0
716241,54.0
716242,54.0
716245,54.0
716250,54.0
716958,39.0
723184,54.0
723210,47.0
724003,54.0
724359,53.0
724360,44.0
724403,34.0
724498,54.0
729337,26.0
730258,54.0
730259,53.0
732006,54.0
732007,54.0
736128,54.0
738219,54.0
740713,54.0
740714,54.0
740722,39.0
740723,39.0
740726,32.0
740728,29.0
740729,27.0
741201,27.0
741922,20.0
742735,41.0
742738,41.0
743494,27.0
743496,27.0
743497,27.0
749421,53.0
749720,29.0
749729,50.0
750855,54.0
750856,54.0
750857,54.0
751759,27.0
752167,54.0
752987,31.0
754103,54.0
757880,41.0
757888,54.0
757889,29.0
758861,22.0
759651,54.0
759657,53.0
759694,54.0
759697,39.0
759698,52.0
759890,54.0
759893,54.0
759894,54.0
760319,34.0
762405,51.0
764438,41.0
764439,32.0
765092,48.0
765517,51.0
765518,54.0
765519,54.0
765520,54.0
766493,0.0
767183,27.0
767184,27.0
769312,54.0
769314,54.0
770447,27.0
770449,28.0
770453,52.0
770456,27.0
770461,54.0
770463,28.0
770511,54.0
771156,54.0
771157,54.0
776057,25.0
776622,25.0
779122,32.0
781794,27.0
781796,27.0
781797,27.0
781798,27.0
781936,17.0
783243,54.0
787426,27.0
788172,27.0
788708,54.0
789223,27.0
789224,27.0
789904,27.0
789905,27.0
789906,27.0
789907,27.0
793341,54.0
793345,54.0
793346,53.0
794245,28.0
795610,27.0
795611,27.0
795612,27.0
796394,27.0
796395,27.0
796396,27.0
799461,39.0
800958,27.0
801217,54.0
801934,54.0
802831,53.0
802832,54.0
802833,37.0
803101,51.0
804098,27.0
804503,54.0
804932,54.0
804974,54.0
805310,54.0
805311,54.0
805321,54.0
805788,38.0
807493,54.0
807495,54.0
809183,27.0
809184,27.0
809882,45.0
812716,54.0
812725,54.0
812726,51.0
812728,26.0
812735,54.0
812751,54.0
812757,54.0
812769,53.0
813167,45.0
813760,40.0
813769,43.0
813770,50.0
816606,51.0
816679,28.0
818588,52.0
818590,53.0
819194,54.0
819195,54.0
819206,27.0
819209,28.0
819227,27.0
819228,27.0
819230,27.0
819231,27.0
819932,54.0
819933,52.0
819934,53.0
820003,27.0
820006,27.0
820500,54.0
820645,36.0
821186,54.0
823245,44.0
827911,28.0
828204,54.0
828630,54.0
828632,53.0
829389,54.0
829414,39.0
829658,28.0
830624,54.0
830625,54.0
830749,54.0
830797,54.0
830806,40.0
830829,54.0
833395,54.0
833396,54.0
833644,26.0
838215,54.0
838216,54.0
838217,51.0
838400,35.0
838406,45.0
838407,52.0
838408,52.0
838409,37.0
838412,52.0
838413,51.0
838415,49.0
838832,51.0
838842,54.0
838844,29.0
838875,53.0
839362,54.0
839363,54.0
839364,54.0
839367,54.0
839544,40.0
839545,39.0
841197,27.0
841514,54.0
841570,54.0
841583,54.0
841607,54.0
841612,53.0
841614,54.0
841667,51.0
841841,54.0
841842,54.0
843411,54.0
843459,27.0
843462,51.0
843585,54.0
843589,38.0
843607,27.0
843608,27.0
843609,27.0
843610,27.0
844017,53.0
844019,38.0
844793,27.0
844795,27.0
846163,24.0
846565,27.0
847569,54.0
847575,26.0
847859,53.0
847863,54.0
847894,27.0
848765,54.0
848953,41.0
849080,29.0
849095,52.0
849098,54.0
849135,53.0
849136,38.0
849139,49.0
849142,54.0
849312,27.0
849941,27.0
850333,54.0
850334,54.0
850388,53.0
850389,51.0
850460,54.0
850542,39.0
850545,28.0
851982,54.0
852110,39.0
852620,39.0
852934,34.0
852937,53.0
852938,52.0
853195,54.0
853196,54.0
856687,53.0
856688,53.0
857324,12.0
857327,11.0
857331,11.0
857332,11.0
858872,54.0
859529,26.0
859932,53.0
859966,49.0
860548,39.0
860549,36.0
862213,34.0
862454,54.0
864288,39.0
864290,30.0
864508,54.0
864510,54.0
864511,54.0
865147,54.0
865155,53.0
866927,53.0
867850,54.0
868529,54.0
869837,8.0
870544,54.0
870545,54.0
870546,54.0
870938,37.0
871118,27.0
871421,54.0
871511,16.0
871512,11.0
871513,19.0
871514,16.0
871600,54.0
872306,53.0
872307,54.0
872308,54.0
872309,52.0
872310,53.0
872317,54.0
873687,53.0
874593,37.0
874598,53.0
874990,39.0
875604,54.0
876223,54.0
876224,54.0
876225,52.0
876226,51.0
876663,54.0
877513,54.0
877514,54.0
878715,26.0
881701,54.0
881910,54.0
881911,54.0
881912,54.0
882624,54.0
883336,40.0
884878,54.0
885543,53.0
885553,54.0
886067,27.0
886396,54.0
886398,54.0
888063,44.0
888630,28.0
888682,36.0
888689,37.0
888761,27.0
888763,54.0
890213,54.0
890214,54.0
890215,54.0
890371,54.0
890372,54.0
890374,54.0
890375,54.0
890825,40.0
892076,36.0
895291,27.0
897348,34.0
898656,51.0
900196,52.0
902198,34.0
902200,31.0
902202,30.0
902839,54.0
903283,53.0
903284,54.0
903285,54.0
903286,54.0
903955,53.0
906979,27.0
906980,36.0
906981,27.0
907671,44.0
907684,27.0
907686,33.0
908741,38.0
909361,27.0
910928,50.0
911429,52.0
911871,54.0
911989,39.0
911990,54.0
913102,54.0
913363,27.0
913364,27.0
913521,27.0
913526,34.0
913964,27.0
913966,27.0
913967,27.0
913968,27.0
915310,54.0
915351,48.0
915810,27.0
915821,39.0
915822,39.0
915980,54.0
916885,27.0
916886,27.0
916887,27.0
920607,19.0
921042,29.0
926958,54.0
928477,39.0
929627,27.0
929893,52.0
930247,25.0
932281,54.0
933780,54.0
936341,27.0
936994,53.0
937953,38.0
938125,27.0
938126,27.0
938129,27.0
938436,28.0
938566,54.0
938567,54.0
938570,53.0
938574,54.0
938575,31.0
938576,54.0
938657,54.0
938659,51.0
939129,54.0
939130,54.0
939131,53.0
939207,54.0
939210,54.0
939661,54.0
939662,53.0
939663,54.0
940585,40.0
940590,54.0
940591,54.0
940592,54.0
940616,32.0
940638,42.0
940664,40.0
940665,51.0
946277,27.0
946671,49.0
949053,54.0
949243,54.0
949296,54.0
949297,54.0
949298,51.0
949299,48.0
949510,27.0
949511,27.0
949629,54.0
951675,39.0
953404,54.0
953413,54.0
953420,26.0
953427,27.0
953428,27.0
953562,54.0
953609,54.0
954553,27.0
954796,54.0
954805,39.0
956011,54.0
956012,53.0
956013,54.0
956014,54.0
957096,40.0
957098,39.0
958015,20.0
958016,23.0
958514,53.0
958516,54.0
958519,54.0
959437,40.0
959500,54.0
959502,54.0
962600,28.0
962601,27.0
964752,54.0
964753,54.0
964848,27.0
967021,37.0
968432,54.0
968935,53.0
968936,54.0
968937,54.0
977007,54.0
979195,54.0
979196,54.0
979197,40.0
979199,40.0
979553,50.0
979554,52.0
980041,36.0
981655,37.0
982726,54.0
982727,54.0
983310,31.0
985823,51.0
985824,27.0
986193,54.0
987308,54.0
987768,28.0
987769,27.0
988408,54.0
988459,37.0
989092,53.0
991114,50.0
991329,27.0
991331,27.0
996122,39.0
996537,39.0
996597,41.0
996600,54.0
996606,30.0
996613,26.0
999545,39.0
999546,39.0
999547,53.0
1000866,25.0
1001305,54.0
1003679,54.0
1004545,27.0
1004550,54.0
1004551,54.0
1005456,44.0
1005458,51.0
1005461,51.0
1005463,51.0
1005464,50.0
1005465,51.0
1009512,54.0
1009539,53.0
1009946,16.0
1009997,40.0
1009998,40.0
1010752,27.0
1010755,27.0
1010757,27.0
1012473,28.0
1012787,54.0
1012788,54.0
1014864,41.0
1014865,53.0
1016067,27.0
1017349,27.0
1017791,29.0
1018516,26.0
1018617,53.0
1018878,41.0
1020237,26.0
1020940,27.0
1021281,54.0
1021676,39.0
1022053,54.0
1024975,27.0
1024976,27.0
1028589,53.0
1033395,54.0
1036189,27.0
1036317,25.0
1036320,27.0
1036689,54.0
1037412,27.0
1037654,54.0
1037838,27.0
1037845,54.0
1037846,54.0
1037856,39.0
1037857,54.0
1038937,27.0
1038945,28.0
1038946,25.0
1038950,27.0
1038952,27.0
1038953,27.0
1038954,29.0
1038962,24.0
1039087,43.0
1040170,54.0
1040348,38.0
1044584,43.0
1044592,51.0
1045449,32.0
1046272,54.0
1047394,27.0
1047395,27.0
1047396,27.0
1047674,54.0
1047675,40.0
1047679,54.0
1047680,54.0
1047681,54.0
1047682,53.0
1047685,54.0
1047686,47.0
1047690,54.0
1047695,54.0
1047696,54.0
1047698,51.0
1047699,54.0
1047702,52.0
1047703,52.0
1047705,54.0
1047707,54.0
1047709,54.0
1047717,54.0
1047721,40.0
1047733,54.0
1047734,51.0
1047735,54.0
1047740,54.0
1047743,54.0
1047751,41.0
1047752,41.0
1047753,42.0
1047755,54.0
1047756,54.0
1047757,54.0
1047758,54.0
1047772,54.0
1047773,54.0
1047774,54.0
1047775,54.0
1047786,54.0
1047790,54.0
1047793,54.0
1049595,37.0
1050142,54.0
1050370,28.0
1052022,27.0
1052563,54.0
1053943,27.0
1053944,27.0
1053945,28.0
1054129,38.0
1057033,54.0
1057034,54.0
1057490,54.0
1057491,54.0
1057495,27.0
1057498,27.0
1057515,54.0
1058820,39.0
1060036,53.0
1062338,51.0
1062374,28.0
1062926,39.0
1062927,38.0
1064018,38.0
1065599,26.0
1066900,53.0
1066901,54.0
1070962,54.0
1071928,54.0
1071949,47.0
1072167,52.0
1072173,35.0
1074327,53.0
1075283,26.0
1075891,29.0
1076065,27.0
1076066,27.0
1076155,53.0
1076335,54.0
1078288,54.0
1079214,54.0
1079215,54.0
1079220,54.0
1079254,54.0
1079257,54.0
1079258,49.0
1079329,54.0
1079331,25.0
1080001,54.0
1080009,37.0
1080021,54.0
1080756,54.0
1081359,51.0
1082042,53.0
1082391,26.0
1082578,26.0
1082907,27.0
1083152,53.0
1083154,27.0
1083196,54.0
1083517,27.0
1083518,27.0
1084365,2.0
1084417,54.0
1084425,54.0
1084436,27.0
1084437,54.0
1084881,54.0
1084882,54.0
1085148,54.0
1085150,36.0
1085246,28.0
1085486,36.0
1085686,27.0
1086172,39.0
1087269,54.0
1087270,41.0
1087467,27.0
1088002,54.0
1089044,49.0
1089045,54.0
1089046,54.0
1089079,27.0
1089163,47.0
1089820,52.0
1089843,27.0
1089844,27.0
1089845,27.0
1089846,27.0
1090401,53.0
1090419,50.0
1091333,28.0
1091338,27.0
1091365,27.0
1091366,27.0
1091367,27.0
1091368,28.0
1091369,27.0
1091370,27.0
1091467,27.0
1092008,37.0
1092061,27.0
1092106,27.0
1093340,27.0
1093344,53.0
1093786,27.0
1094235,44.0
1094238,28.0
1096235,54.0
1097187,53.0
1098624,30.0
1099990,38.0
1101724,53.0
1102268,54.0
1102970,54.0
1102971,53.0
1102975,53.0
1102976,53.0
1104598,54.0
1104599,54.0
1104650,21.0
1104725,54.0
1105210,53.0
1105211,54.0
1105212,54.0
1105213,54.0
1105214,53.0
1105215,42.0
1105228,53.0
1105299,39.0
1105831,27.0
1106968,27.0
1109116,54.0
1109173,12.0
1109211,5.0
1109235,53.0
1109325,54.0
1109326,53.0
1109389,54.0
1109390,54.0
1109391,54.0
1110679,27.0
1111202,54.0
1112450,38.0
1112839,27.0
1112840,27.0
1113847,54.0
1113852,42.0
1113872,27.0
1114566,54.0
1114567,53.0
1114749,53.0
1114754,46.0
1114761,41.0
1114903,52.0
1114914,54.0
1114924,46.0
1116113,53.0
1116370,54.0
1117661,54.0
1117662,52.0
1117663,27.0
1118683,39.0
1118691,28.0
1118775,54.0
1119216,53.0
1119217,53.0
1121513,54.0
1121514,54.0
1121515,54.0
1121615,54.0
1121616,54.0
1123722,53.0
1124164,41.0
1124165,53.0
1124973,51.0
1127860,54.0
1127862,54.0
1132005,54.0
1133955,26.0
1134971,54.0
1135438,23.0
1136979,54.0
1137146,54.0
1138053,54.0
1141956,27.0
1143685,54.0
1143686,54.0
1143691,53.0
1145374,27.0
1145597,54.0
1146496,27.0
1146497,25.0
1146648,28.0
1146783,54.0
1146784,54.0
1146785,54.0
1146786,54.0
1146787,54.0
1146795,54.0
1146796,54.0
1146797,54.0
1146799,52.0
1146800,54.0
1146801,54.0
1146802,54.0
1146803,46.0
1146804,39.0
1146974,30.0
1147017,26.0
1147495,39.0
1147731,54.0
1148017,54.0
1148018,54.0
1148548,54.0
1148719,39.0
1148753,26.0
1148812,27.0
1148971,28.0
1148972,54.0
1149069,27.0
1149225,53.0
1149579,52.0
1150362,27.0
1150700,38.0
1150954,54.0
1151128,54.0
1152017,27.0
1152346,54.0
1152348,54.0
1152350,54.0
1152355,53.0
1152464,27.0
1153584,54.0
1153597,39.0
1154749,27.0
1156722,54.0
1156724,52.0
1157329,54.0
1157462,54.0
1157479,35.0
1157561,54.0
1157562,39.0
1157564,54.0
1157685,27.0
1157699,54.0
1158705,48.0
1158719,54.0
1158720,54.0
1159413,54.0
1159414,54.0
1159415,54.0
1159597,27.0
1159598,27.0
1159726,54.0
1159728,52.0
1160752,27.0
1160754,26.0
1160796,54.0
1160872,54.0
1160873,54.0
1160882,38.0
1161046,29.0
1161555,29.0
1161556,29.0
1161557,30.0
1161571,42.0
1161572,54.0
1162382,54.0
1162755,27.0
1162759,40.0
1162761,45.0
1162932,52.0
1162933,53.0
1162934,52.0
1162935,53.0
1163577,41.0
1163583,27.0
1164290,53.0
1164923,40.0
1165987,54.0
1165988,54.0
1165989,54.0
1166036,26.0
1166474,54.0
1166475,54.0
1166478,31.0
1167175,40.0
1167188,37.0
1167487,27.0
1167544,54.0
1167545,54.0
1167614,28.0
1167754,54.0
1168684,27.0
1168717,54.0
1168718,54.0
1168738,41.0
1168741,39.0
1171140,30.0
1171142,54.0
1172015,27.0
1173210,53.0
1173213,26.0
1173853,54.0
1174923,30.0
1175993,27.0
1176558,54.0
1176559,54.0
1176560,54.0
1176561,54.0
1176562,39.0
1177984,27.0
1178687,54.0
1178691,54.0
1178692,54.0
1178696,54.0
1178697,54.0
1179109,54.0
1179117,51.0
1179119,50.0
1179579,39.0
1179580,53.0
1179581,32.0
1182733,28.0
1209718,27.0
1209719,27.0
1209720,27.0
1209721,27.0
1210038,31.0
1212452,54.0
1213906,54.0
1214325,51.0
1221045,27.0
1221054,27.0
1222571,54.0
1222575,27.0
1224495,26.0
1224521,40.0
1225768,27.0
1225769,27.0
1225770,27.0
1225771,27.0
1226506,37.0
1226507,37.0
1226920,54.0
1228300,27.0
1228312,27.0
1228319,54.0
1228320,54.0
1228321,54.0
1228937,53.0
1228945,54.0
1228950,53.0
1228994,53.0
1228995,54.0
1229023,54.0
1229025,54.0
1229026,54.0
1229028,53.0
1229440,54.0
1229469,54.0
1229500,27.0
1229566,54.0
1229576,54.0
1229584,54.0
1229591,54.0
1229625,54.0
1229636,54.0
1229642,54.0
1229643,54.0
1229664,54.0
1229676,54.0
1229686,40.0
1229882,27.0
1229919,44.0
1229920,45.0
1229935,54.0
1230003,54.0
1230014,54.0
1230060,54.0
1230228,26.0
1230244,26.0
1230327,26.0
1230416,54.0
1230417,54.0
1230418,54.0
1230426,54.0
1230430,54.0
1230440,26.0
1230441,26.0
1230461,54.0
1231869,54.0
1233161,27.0
1234340,12.0
1235251,54.0
1235334,54.0
1235364,54.0
1235365,54.0
1237005,27.0
1237410,27.0
1238497,41.0
1239294,30.0
1239720,50.0
1239736,53.0
1239739,53.0
1239740,54.0
1239741,53.0
1239746,53.0
1239748,51.0
1239749,54.0
1239782,46.0
1239783,54.0
1239785,54.0
1239788,37.0
1239789,54.0
1239790,54.0
1239791,41.0
1239792,54.0
1239793,54.0
1239794,54.0
1239795,53.0
1239796,54.0
1239797,53.0
1239798,54.0
1239800,39.0
1239806,54.0
1239807,54.0
1239808,54.0
1239809,54.0
1239810,54.0
1239812,54.0
1239813,41.0
1239815,54.0
1239817,54.0
1239818,38.0
1239819,54.0
1239820,53.0
1239840,27.0
1239841,27.0
1239842,27.0
1239843,29.0
1239844,27.0
1239845,27.0
1239846,27.0
1239847,27.0
1239852,54.0
1239853,25.0
1239854,49.0
1239855,53.0
1239856,54.0
1239857,28.0
1239858,32.0
1239859,27.0
1239860,54.0
1239861,27.0
1239862,54.0
1239867,43.0
1239868,27.0
1239869,49.0
1239870,51.0
1239871,27.0
1239875,50.0
1239876,28.0
1239877,35.0
1239879,39.0
1239880,53.0
1239881,45.0
1239882,25.0
1239883,47.0
1239887,27.0
1239890,29.0
1239891,24.0
1239897,33.0
1239898,29.0
1239899,31.0
1239901,35.0
1239902,39.0
1239903,30.0
1239905,53.0
1239906,54.0
1239908,54.0
1239911,54.0
1239912,54.0
1239913,54.0
1239914,53.0
1239915,54.0
1239916,54.0
1239918,54.0
1239953,33.0
1239954,54.0
1239955,54.0
1239956,54.0
1239986,7.0
1240160,25.0
1242666,27.0
1242667,27.0
1242670,27.0
1243803,54.0
1243805,54.0
1243814,54.0
1243815,54.0
1243816,54.0
1243817,54.0
1245918,54.0
1246493,54.0
1246495,53.0
1246498,37.0
1246757,54.0
1246758,54.0
1246784,54.0
1246785,54.0
1247036,54.0
1248391,27.0
1248394,27.0
1248464,26.0
1250226,54.0
1253470,28.0
1253708,31.0
1253765,54.0
1254013,54.0
1254310,32.0
1255777,54.0
1257555,34.0
1259006,35.0
1259007,36.0
1259952,27.0
1260238,54.0
1260241,54.0
1260242,54.0
1261025,39.0
1261376,39.0
1273024,31.0
1279049,29.0
1280677,27.0
1281011,54.0
1281253,54.0
1281780,54.0
1282047,14.0
1282207,27.0
1284221,39.0
1285150,38.0
1285154,39.0
1288226,27.0
1288843,27.0
1289417,29.0
1289418,29.0
1294665,12.0
1298766,26.0
1299616,54.0
1300325,27.0
1302670,27.0
1303141,54.0
1304243,53.0
1304488,47.0
1304490,51.0
1304491,30.0
1305845,54.0
1306155,53.0
1306196,49.0
1306197,54.0
1306198,54.0
1306199,54.0
1309245,19.0
1309246,38.0
1309297,53.0
1309298,28.0
1309300,27.0
1309560,27.0
1309672,51.0
1309856,52.0
1310076,27.0
1310081,10.0
1311104,26.0
1312957,28.0
1313222,54.0
1313223,54.0
1314409,27.0
1314549,27.0
1316369,41.0
1316461,11.0
1317092,29.0
1317094,54.0
1317095,54.0
1317096,53.0
1320180,53.0
1320701,27.0
1320708,25.0
1320857,27.0
1321332,26.0
1321336,25.0
1321497,54.0
1322479,39.0
1323011,27.0
1323422,27.0
1323985,12.0
1324174,28.0
1324182,54.0
1324591,54.0
1324667,54.0
1324668,53.0
1324670,54.0
1324845,27.0
1324851,27.0
1325324,27.0
1325325,27.0
1325330,27.0
1325362,36.0
1328340,32.0
1328471,54.0
1328495,54.0
1328672,35.0
1328907,54.0
1331068,54.0
1331407,35.0
1332103,54.0
1332664,37.0
1332688,33.0
1332689,31.0
1333224,54.0
1333225,54.0
1333307,26.0
1333994,54.0
1334068,21.0
1334074,25.0
1335305,27.0
1336459,54.0
1336461,54.0
1339795,54.0
1339879,36.0
1339880,38.0
1339882,37.0
1339883,39.0
1342003,54.0
1342006,54.0
1342007,54.0
1342008,54.0
1342009,53.0
1344514,51.0
1344755,20.0
1345067,54.0
1345068,54.0
1345070,51.0
1345071,39.0
1345072,54.0
1345337,51.0
1345352,28.0
1345981,27.0
1346410,54.0
1346621,27.0
1346624,39.0
1346625,54.0
1346626,54.0
1346627,54.0
1346628,54.0
1346629,54.0
1346630,54.0
1346631,54.0
1346632,54.0
1346636,43.0
1346637,54.0
1346638,54.0
1346643,54.0
1347810,54.0
1347811,54.0
1347977,30.0
1348487,27.0
1348510,27.0
1348983,54.0
1349068,28.0
1349806,39.0
1349807,54.0
1349808,54.0
1350565,52.0
1351227,54.0
1351305,54.0
1352751,9.0
1352754,9.0
1352758,8.0
1353189,54.0
1353191,54.0
1353969,53.0
1354380,54.0
1354381,54.0
1354382,54.0
1354383,54.0
1354384,54.0
1354385,54.0
1354386,54.0
1354387,54.0
1354388,54.0
1354389,54.0
1354390,54.0
1354711,51.0
1354712,46.0
1354713,47.0
1354714,45.0
1354719,34.0
1356038,27.0
1359503,53.0
1360009,39.0
1360010,54.0
1360012,48.0
1360013,46.0
1361205,27.0
1363876,15.0
1363877,26.0
1363878,27.0
1364636,54.0
1366212,53.0
1366213,50.0
1367273,54.0
1367438,54.0
1368456,54.0
1368479,49.0
1368480,26.0
1368488,48.0
1369793,54.0
1369873,53.0
1369875,54.0
1369876,54.0
1369972,54.0
1369973,46.0
1370025,51.0
1370542,50.0
1370547,52.0
1370548,52.0
1370552,54.0
1370564,49.0
1370565,12.0
1370566,42.0
1370568,53.0
1370572,54.0
1370574,54.0
1370587,48.0
1370588,51.0
1370589,46.0
1371395,40.0
1371618,54.0
1371620,26.0
1372308,54.0
1372309,54.0
1372326,27.0
1372511,54.0
1372563,54.0
1372566,53.0
1372585,54.0
1372862,54.0
1373031,52.0
1373037,25.0
1373081,53.0
1373394,52.0
1373408,54.0
1373409,54.0
1373444,52.0
1373944,53.0
1373976,26.0
1379151,48.0
1379154,54.0
1379158,47.0
1379194,33.0
1379210,45.0
1386120,52.0
1386220,53.0
1386250,47.0
1386506,54.0
1386695,54.0
1386696,54.0
1386894,54.0
1387609,36.0
1388521,46.0
1388559,51.0
1388568,52.0
1388574,51.0
1390351,39.0
1390352,39.0
1390405,22.0
1391408,20.0
1391548,54.0
1391549,54.0
1392256,25.0
1392260,13.0
1392261,28.0
1392262,28.0
1392627,54.0
1392628,53.0
1393033,54.0
1393047,54.0
1394348,53.0
1394349,53.0
1395693,54.0
1396282,27.0
1397060,54.0
1397061,54.0
1397062,54.0
1397067,54.0
1397068,39.0
1397779,53.0
1397797,36.0
1397802,24.0
1398687,53.0
1398688,53.0
1399750,54.0
1400328,54.0
1400329,54.0
1400330,54.0
1400331,54.0
1400332,54.0
1400334,54.0
1400826,54.0
1400846,53.0
1401722,38.0
1401733,44.0
1401735,44.0
1402017,54.0
1402024,3.0
1402032,3.0
1402040,3.0
1402041,3.0
1402045,3.0
1402545,39.0
1402643,26.0
1403463,8.0
1403464,9.0
1404385,54.0
1404410,43.0
1404411,47.0
1405685,29.0
1410764,27.0
1410765,28.0
1410768,28.0
1410769,27.0
1410773,28.0
1410792,21.0
1410850,54.0
1411065,39.0
1412115,53.0
1412204,39.0
1412379,27.0
1412392,54.0
1412393,53.0
1412519,51.0
1412575,27.0
1415679,50.0
1416362,54.0
1417148,28.0
1417154,39.0
1417697,39.0
1418022,54.0
1418259,27.0
1418484,38.0
1418842,53.0
1418844,54.0
1418845,54.0
1418846,54.0
1418847,54.0
1420007,54.0
1421156,39.0
1421428,28.0
1421429,27.0
1421438,22.0
1422036,28.0
1422222,9.0
1422284,27.0
1422347,48.0
1422500,52.0
1422815,41.0
1422817,40.0
1422835,27.0
1422837,27.0
1422849,27.0
1423681,27.0
1426023,26.0
1427659,54.0
1428328,29.0
1428330,31.0
1428331,29.0
1428779,54.0
1430040,54.0
1430041,52.0
1430080,50.0
1430081,49.0
1430082,50.0
1430083,50.0
1441468,26.0
1441511,27.0
1441513,54.0
1441514,54.0
1441515,54.0
1441516,54.0
1441517,54.0
1441817,51.0
1442157,38.0
1444597,54.0
1444598,54.0
1444600,54.0
1444615,33.0
1445215,27.0
1445281,54.0
1446726,40.0
1447815,54.0
1447817,54.0
1449487,26.0
1449645,20.0
1452378,54.0
1453122,54.0
1453123,54.0
1453124,54.0
1454707,36.0
1454708,38.0
1455272,27.0
1455482,40.0
1455485,41.0
1455790,53.0
1455886,26.0
1456171,8.0
1456346,54.0
1456881,54.0
1456886,27.0
1456909,54.0
1456910,24.0
1456912,54.0
1456916,54.0
1456917,54.0
1456921,38.0
1456922,54.0
1456931,53.0
1456935,27.0
1456939,27.0
1456952,54.0
1456993,54.0
1456994,39.0
1456995,41.0
1456996,54.0
1456997,54.0
1456998,40.0
1457000,54.0
1457001,54.0
1457002,54.0
1457003,54.0
1457004,54.0
1457005,54.0
1457012,54.0
1457020,54.0
1457031,54.0
1457039,54.0
1457160,54.0
1457168,40.0
1457175,54.0
1457176,54.0
1457177,54.0
1457178,54.0
1457179,54.0
1457180,54.0
1457181,54.0
1457182,54.0
1457183,54.0
1457184,54.0
1457185,54.0
1457192,38.0
1457199,49.0
1457201,54.0
1457202,54.0
1457217,54.0
1457228,54.0
1457229,54.0
1457230,54.0
1457231,54.0
1457239,54.0
1457240,54.0
1457245,54.0
1457247,54.0
1457251,54.0
1457256,54.0
1457311,26.0
1457328,27.0
1457333,27.0
1457335,27.0
1457337,27.0
1457338,27.0
1457339,27.0
1457340,27.0
1457341,27.0
1457342,27.0
1457344,27.0
1457346,26.0
1457359,54.0
1457396,54.0
1457409,26.0
1457411,54.0
1457416,54.0
1457417,54.0
1457518,54.0
1457834,27.0
1457835,27.0
1457840,26.0
1457948,52.0
1457990,27.0
1458088,47.0
1458329,27.0
1458461,53.0
1458834,46.0
1458842,38.0
1458844,45.0
1458847,41.0
1458848,54.0
1458849,46.0
1458850,40.0
1458851,54.0
1458914,22.0
1458920,54.0
1459058,54.0
1459067,33.0
1459225,53.0
1459226,37.0
1459514,54.0
1459515,54.0
1459692,25.0
1459697,26.0
1460018,53.0
1460019,54.0
1460020,54.0
1460021,54.0
1460808,35.0
1463437,54.0
1463441,54.0
1463451,20.0
1463483,27.0
1463484,27.0
1463507,54.0
1463509,52.0
1463510,54.0
1463555,42.0
1463566,54.0
1463568,53.0
1463569,39.0
1463587,39.0
1463591,33.0
1463594,54.0
1463595,54.0
1463596,53.0
1463602,41.0
1463603,41.0
1463604,54.0
1463609,53.0
1463610,51.0
1463611,29.0
1463619,53.0
1463620,54.0
1463621,39.0
1463625,53.0
1463626,53.0
1463632,38.0
1463637,41.0
1463693,54.0
1463707,39.0
1463765,54.0
1463767,54.0
1463769,54.0
1463770,54.0
1463771,54.0
1463772,54.0
1463773,54.0
1463783,54.0
1463784,32.0
1463786,54.0
1463787,54.0
1463788,54.0
1463789,54.0
1463790,54.0
1463791,54.0
1463797,54.0
1463798,54.0
1463799,54.0
1463800,54.0
1463801,54.0
1463805,54.0
1463806,54.0
1463807,54.0
1463808,54.0
1463810,53.0
1463812,54.0
1463814,53.0
1463819,54.0
1463820,54.0
1463823,53.0
1463825,41.0
1463851,54.0
1463852,54.0
1463855,54.0
1463857,54.0
1463859,48.0
1463860,54.0
1463862,54.0
1463864,51.0
1463865,54.0
1463866,54.0
1463867,54.0
1463881,54.0
1463882,50.0
1463883,49.0
1463885,53.0
1463886,25.0
1463887,31.0
1463888,54.0
1463896,42.0
1463897,38.0
1463898,39.0
1463899,34.0
1463900,37.0
1463914,54.0
1463934,39.0
1463935,54.0
1463936,39.0
1463992,54.0
1463993,54.0
1463994,41.0
1463995,54.0
1463998,54.0
1464002,54.0
1464005,54.0
1464008,54.0
1464010,39.0
1464025,54.0
1464027,27.0
1464028,27.0
1464029,27.0
1464031,27.0
1464034,27.0
1464035,27.0
1464038,27.0
1464039,54.0
1464041,28.0
1464042,27.0
1464043,29.0
1464045,54.0
1464063,28.0
1464065,53.0
1464066,53.0
1464070,54.0
1464071,54.0
1464072,54.0
1464073,40.0
1464074,54.0
1464076,54.0
1464077,28.0
1464079,54.0
1464081,54.0
1464082,54.0
1464086,54.0
1464087,53.0
1464088,54.0
1464090,39.0
1464091,54.0
1464092,54.0
1464093,54.0
1464094,54.0
1464095,54.0
1464097,53.0
1464099,39.0
1464133,27.0
1464134,27.0
1464137,54.0
1464153,54.0
1464177,27.0
1464186,27.0
1464188,27.0
1464192,27.0
1464194,27.0
1464196,27.0
1464198,27.0
1464201,27.0
1464205,27.0
1464207,54.0
1464208,54.0
1464209,46.0
1464210,54.0
1464217,54.0
1464218,54.0
1464237,27.0
1464238,27.0
1464239,53.0
1464240,27.0
1464241,27.0
1464246,19.0
1464256,51.0
1464257,53.0
1464258,53.0
1464302,27.0
1464309,54.0
1464312,53.0
1464469,12.0
1464607,0.0
1464907,39.0
1464910,37.0
1464919,27.0
1464941,27.0
1465130,27.0
1465644,27.0
1466039,26.0
1466047,54.0
1466049,54.0
1466077,54.0
1466281,35.0
1466286,50.0
1466288,41.0
1466819,53.0
1466826,39.0
1466827,39.0
1466830,38.0
1466832,53.0
1466833,53.0
1466835,40.0
1466836,39.0
1467082,49.0
1467088,0.0
1467093,0.0
1471143,27.0
1471460,27.0
1471461,27.0
1471462,52.0
1471722,49.0
1471903,54.0
1471911,54.0
1471912,38.0
1471913,27.0
1471916,50.0
1471956,49.0
1472433,54.0
1472451,54.0
1472453,54.0
1472479,38.0
1472484,39.0
1472485,26.0
1472487,34.0
1472489,27.0
1473393,53.0
1473394,53.0
1473396,49.0
1473401,51.0
1473402,49.0
1473403,53.0
1473404,34.0
1473405,51.0
1473406,28.0
1473409,52.0
1473410,52.0
1473411,50.0
1473412,53.0
1473413,53.0
1473414,46.0
1473415,33.0
1473425,44.0
1473427,53.0
1473428,36.0
1473474,52.0
1473475,53.0
1473476,41.0
1473477,40.0
1473478,53.0
1473479,54.0
1473480,53.0
1473481,41.0
1473482,53.0
1473483,53.0
1473484,53.0
1473485,51.0
1473486,52.0
1473487,51.0
1473488,29.0
1473489,28.0
1473499,29.0
1473500,27.0
1473509,47.0
1473511,27.0
1473513,50.0
1489660,45.0
1489662,34.0
1489691,27.0
1489694,54.0
1489741,47.0
1489833,33.0
1489835,27.0
1489836,27.0
1489837,27.0
1489838,27.0
1489850,52.0
1489853,29.0
1489868,48.0
1489869,35.0
1489870,49.0
1489871,45.0
1489872,28.0
1489873,35.0
1489879,52.0
1489880,51.0
1489881,53.0
1489882,53.0
1489886,52.0
1489890,29.0
1489895,39.0
1489897,28.0
1489899,54.0
1489900,27.0
1489908,43.0
1490588,42.0
1492315,47.0
1501508,53.0
1501520,53.0
1501521,28.0
1501524,30.0
1501525,26.0
1501536,28.0
1501541,51.0
1501544,39.0
1501547,53.0
1501559,29.0
1501570,51.0
1501579,54.0
1501581,54.0
1502383,54.0
1502391,53.0
1502392,48.0
1503117,34.0
1503823,51.0
1503844,36.0
1503847,41.0
1503854,31.0
1503855,38.0
1503891,37.0
1503899,53.0
1507720,40.0
1532032,54.0
1532033,53.0
1532035,53.0
1533184,37.0
1533338,39.0
1533357,39.0
1533358,38.0
1533364,36.0
1533365,37.0
1550461,27.0
1575223,53.0
1575231,54.0
1575235,54.0
1575237,54.0
1575239,53.0
1575240,54.0
1575245,41.0
1575246,54.0
1575249,54.0
1575252,53.0
1576262,54.0
1576263,39.0
1576265,25.0
1576285,27.0
1576312,27.0
1576313,27.0
1576314,27.0
1576315,27.0
1576316,27.0
1576317,27.0
1576318,27.0
1576321,27.0
1576322,27.0
1576323,27.0
1576324,27.0
1576325,27.0
1576326,27.0
1576327,27.0
1576328,27.0
1576329,27.0
1576330,27.0
1576332,27.0
1576589,27.0
1579069,31.0
1579070,27.0
1579081,26.0
1579082,27.0
1583407,50.0
1583522,51.0
1583523,45.0
1583526,47.0
1583544,54.0
1584293,42.0
1584295,43.0
1584297,43.0
1584298,42.0
1584300,42.0
1584301,33.0
1584303,35.0
1584305,34.0
1584307,34.0
1584309,33.0
1584344,41.0
1584348,40.0
1584353,41.0
1584358,39.0
1584363,38.0
1584365,42.0
1584369,39.0
1584374,40.0
1584379,41.0
1584390,37.0
1584399,36.0
1584574,45.0
1584575,50.0
1584576,49.0
1585782,42.0
1588319,27.0
1609719,33.0
1609724,53.0
1609729,32.0
1609730,24.0
1609836,26.0
1621528,51.0
1621529,51.0
1625605,51.0
1639937,31.0
1642397,28.0
1642398,27.0
1642399,54.0
1642400,53.0
1642401,54.0
1642664,53.0
1658994,28.0
1660186,28.0
1660188,33.0
1660191,33.0
1660193,31.0
1660194,33.0
1660239,28.0
1660260,52.0
1660261,25.0
1660271,53.0
1660272,48.0
1662320,13.0
1672580,27.0
1672581,39.0
1673264,43.0
1673295,26.0
1673297,53.0
1686635,27.0
1686637,27.0
1686641,27.0
1686644,27.0
1686650,28.0
1686652,31.0
1686656,33.0
1686663,27.0
1686664,29.0
1686665,30.0
1686668,28.0
1686685,26.0
1689854,27.0
1689920,52.0
1689921,53.0
1689929,26.0
1693644,27.0
1693645,27.0
1693647,27.0
1693648,53.0
1693652,27.0
1693653,27.0
1693656,27.0
1693657,27.0
1695813,43.0
1695815,49.0
1695816,28.0
1695820,52.0
1695823,48.0
1695825,53.0
1695828,53.0
1695830,53.0
1695831,53.0
1695835,48.0
1695836,52.0
1695837,44.0
1695840,27.0
1695841,27.0
1695844,35.0
1695845,28.0
1695846,47.0
1695847,26.0
1695848,27.0
1695860,27.0
1695865,52.0
1695872,17.0
1695873,40.0
1695874,53.0
1695875,54.0
1695879,25.0
1695882,54.0
1695886,52.0
1695887,53.0
1695888,48.0
1695900,41.0
1695901,26.0
1695904,41.0
1695905,26.0
1695907,26.0
1695912,26.0
1695925,52.0
1695931,52.0
1695932,32.0
1695935,52.0
1695936,40.0
1695940,47.0
1695950,52.0
1695956,27.0
1695959,27.0
1695961,28.0
1695964,25.0
1695965,34.0
1695966,54.0
1695971,29.0
1695972,27.0
1695978,27.0
1695979,26.0
1695983,25.0
1695984,49.0
1695989,25.0
1695991,27.0
1695994,35.0
1695995,26.0
1695999,27.0
1696003,52.0
1696007,41.0
1696008,25.0
1696013,26.0
1696014,26.0
1696015,23.0
1696020,27.0
1696021,27.0
1696022,27.0
1696023,27.0
1696025,27.0
1696026,27.0
1696029,17.0
1696036,27.0
1696038,46.0
1696039,27.0
1696041,54.0
1696042,34.0
1696044,31.0
1696046,32.0
1696047,18.0
1696051,27.0
1696052,27.0
1707160,51.0
1709252,52.0
1711747,53.0
1717057,37.0
1717134,29.0
1717181,33.0
1717269,36.0
1717271,36.0
1717640,24.0
1717663,28.0
1718310,50.0
1718319,33.0
1719236,28.0
1719504,27.0
1726000,36.0
1726002,27.0
1726009,27.0
1726956,28.0
1730015,36.0
1741423,52.0
1751174,30.0
1751175,40.0
1751176,53.0
1765164,37.0
1898959,53.0
1898960,53.0
1898961,53.0
1898998,24.0
1899450,27.0
1900715,47.0
1903391,54.0
1903428,54.0
1903432,39.0
1903500,26.0
1903501,26.0
1903717,36.0
1904678,54.0
1905638,27.0
1905639,27.0
1905800,39.0
1906099,28.0
1906100,28.0
1906821,28.0
1908028,54.0
1908340,27.0
1909408,53.0
1909409,53.0
1909411,30.0
1909412,32.0
1909453,51.0
1909482,51.0
1909483,51.0
1909699,28.0
1909708,26.0
1909724,49.0
1909729,50.0
1909748,48.0
1909752,27.0
1909754,50.0
1909755,53.0
1909770,38.0
1909901,51.0
1910055,27.0
1910611,40.0
1911102,28.0
1911336,23.0
1912671,52.0
1913055,27.0
1913230,54.0
1913236,53.0
1913257,54.0
1913258,54.0
1913462,54.0
1913463,27.0
1913464,40.0
1913595,54.0
1913596,54.0
1913599,54.0
1913600,54.0
1913604,54.0
1913813,28.0
1914276,27.0
1914277,54.0
1914278,54.0
1914279,54.0
1914280,54.0
1914367,25.0
1914503,39.0
1914782,27.0
1914786,54.0
1915000,54.0
1915036,39.0
1915102,26.0
1916165,50.0
1916208,54.0
1916209,54.0
1916577,54.0
1916578,52.0
1916579,52.0
1917879,54.0
1918621,53.0
1919674,9.0
1919795,50.0
1919933,53.0
1919935,53.0
1919937,53.0
1919977,52.0
1920016,44.0
1920035,53.0
1920045,54.0
1920046,54.0
1920057,54.0
1920059,53.0
1920067,52.0
1920069,50.0
1920071,54.0
1920072,54.0
1920080,54.0
1920084,54.0
1920095,53.0
1920096,48.0
1920107,54.0
1920117,54.0
1920141,52.0
1920145,54.0
1920284,39.0
1920863,20.0
1921118,0.0
1921769,34.0
1921770,35.0
1922657,54.0
1923218,27.0
1924591,39.0
1924661,49.0
1924662,49.0
1926105,54.0
1926106,54.0
1926107,54.0
1926217,27.0
1929795,53.0
1929797,52.0
1930065,47.0
1930967,54.0
1931046,53.0
1931047,52.0
1931079,39.0
1932491,54.0
1932492,54.0
1932493,54.0
1932980,54.0
1933240,54.0
1935388,43.0
1935459,23.0
1935465,21.0
1935601,28.0
1936173,35.0
1936510,52.0
1936589,54.0
1936629,33.0
1936647,27.0
1936771,54.0
1936931,54.0
1937039,54.0
1937083,39.0
1937350,54.0
1937443,54.0
1937454,54.0
1937608,29.0
1937611,33.0
1937662,47.0
1938021,54.0
1938490,26.0
1938600,54.0
1939144,53.0
1939221,54.0
1939239,8.0
1939383,26.0
1939424,27.0
1939531,27.0
1940026,46.0
1940454,53.0
1940466,50.0
1942510,39.0
1943149,54.0
1943435,54.0
1943792,54.0
1944334,49.0
1944828,26.0
1944889,19.0
1944899,54.0
1945572,27.0
1945851,27.0
1945991,27.0
1946155,54.0
1946311,13.0
1946325,22.0
1946668,30.0
1948161,28.0
1948220,26.0
1948305,9.0
1948372,29.0
1948448,54.0
1948483,54.0
1948550,54.0
1948632,27.0
1949662,54.0
1949872,26.0
1949898,54.0
1950029,42.0
1950170,26.0
1950263,53.0
1950301,54.0
1950405,52.0
1950658,27.0
1950703,38.0
1950890,39.0
1951039,39.0
1951042,54.0
1954510,53.0
1954663,36.0
1954748,46.0
1954766,50.0
1954771,26.0
1955347,10.0
1956004,38.0
1956062,10.0
1956354,52.0
1956479,54.0
1956622,26.0
1957078,27.0
1957773,27.0
1958166,54.0
1958171,54.0
1958175,28.0
1958177,54.0
1958179,54.0
1958181,54.0
1958185,54.0
1958186,54.0
1958187,54.0
1958189,54.0
1958191,54.0
1958193,28.0
1958200,43.0
1958201,54.0
1958202,54.0
1958210,54.0
1958216,54.0
1958217,54.0
1958218,54.0
1958219,28.0
1958223,43.0
1958226,54.0
1958231,54.0
1958238,54.0
1958245,54.0
1958249,54.0
1958252,54.0
1958262,41.0
1958268,39.0
1958713,28.0
1959817,54.0
1960256,25.0
1960304,52.0
1960591,33.0
1960613,28.0
1960691,26.0
1960765,54.0
1960806,27.0
1960892,27.0
1960944,27.0
1961065,24.0
1961112,40.0
1961161,26.0
1961293,27.0
1961595,27.0
1961606,26.0
1962621,54.0
1962694,26.0
1962824,43.0
1963265,54.0
1963277,54.0
1963324,53.0
1963330,54.0
1963348,52.0
1963363,54.0
1963404,53.0
1963459,51.0
1963540,54.0
1963561,27.0
1963591,27.0
1963606,54.0
1963684,43.0
1963740,54.0
1963752,50.0
1963811,54.0
1963838,54.0
1963892,54.0
1963919,27.0
1964111,26.0
1964356,53.0
1964738,54.0
1964739,28.0
1964804,54.0
1964810,39.0
1964850,54.0
1965074,54.0
1965343,12.0
1965358,52.0
1965367,27.0
1965425,27.0
1965457,12.0
1965539,51.0
1965732,53.0
1965853,54.0
1965878,54.0
1965978,54.0
1966167,39.0
1966629,47.0
1966995,54.0
1967038,52.0
1967150,54.0
1967566,54.0
1967642,54.0
1967660,40.0
1967914,53.0
1968073,27.0
1968167,13.0
1968318,13.0
1968368,26.0
1968390,26.0
1968452,27.0
1968666,54.0
1968938,29.0
1969477,52.0
1969485,52.0
1969675,20.0
1969863,51.0
1969899,52.0
1969929,28.0
1970094,36.0
1970207,27.0
1970428,54.0
1970831,29.0
1971255,54.0
1971317,54.0
1971328,54.0
1971338,54.0
1971365,54.0
1971373,39.0
1971394,54.0
1971423,27.0
1971436,54.0
1971461,54.0
1971730,54.0
1971792,54.0
1972039,46.0
1972138,50.0
1972227,54.0
1972316,46.0
1972443,52.0
1972462,52.0
1972587,51.0
1972601,50.0
1972673,54.0
1972737,40.0
1972763,51.0
1972782,49.0
1972822,50.0
1973454,51.0
1973543,47.0
1973587,48.0
1973606,54.0
1973919,54.0
1974834,27.0
1974848,34.0
1974921,54.0
1974931,20.0
1975439,54.0
1975468,27.0
1975512,30.0
1975514,30.0
1975527,39.0
1975558,30.0
1975562,54.0
1975571,54.0
1975578,53.0
1975584,25.0
1975598,54.0
1975602,27.0
1975649,54.0
1975680,39.0
1975686,39.0
1975715,38.0
1976186,53.0
1976260,54.0
1976284,1.0
1976342,54.0
1976349,17.0
1976710,52.0
1977218,54.0
1977420,54.0
1977486,22.0
1977887,54.0
1977901,54.0
1977997,54.0
1978835,54.0
1979200,9.0
1979268,40.0
1980485,54.0
1980532,53.0
1980590,54.0
1980702,54.0
1980754,54.0
1980755,53.0
1980816,9.0
1981370,53.0
1981470,27.0
1981607,54.0
1981836,54.0
1981900,54.0
1982059,12.0
1985099,27.0
1986436,27.0
1986500,27.0
1986524,21.0
1986603,20.0
1986627,40.0
1986680,26.0
1986760,54.0
1986825,54.0
1987120,54.0
1987152,54.0
1987263,41.0
1987383,54.0
1987464,27.0
1987653,51.0
1987709,53.0
1987893,27.0
1988256,27.0
1988377,52.0
1988467,9.0
1988754,27.0
1988902,21.0
1988975,53.0
1989346,27.0
1989798,39.0
1990061,28.0
1990194,30.0
1990453,54.0
1990578,42.0
1990612,54.0
1990640,54.0
1990673,42.0
1990742,54.0
1990768,27.0
1990881,52.0
1991041,54.0
1991097,54.0
1991151,54.0
1991217,54.0
1991561,23.0
1992672,52.0
1992914,54.0
1993077,54.0
1993091,53.0
1993195,54.0
1993337,54.0
1993601,46.0
1993625,15.0
1993879,13.0
1994369,27.0
1994863,54.0
1994926,30.0
1994941,20.0
1997322,27.0
1997781,51.0
1997895,24.0
1997976,51.0
1998005,54.0
1998078,53.0
1998889,27.0
1998945,54.0
1999114,41.0
1999775,54.0
1999969,39.0
2000482,54.0
2000873,54.0
2001183,39.0
2001209,54.0
2001632,54.0
2002043,54.0
2002136,27.0
2002166,28.0
2002282,24.0
2002412,27.0
2002445,54.0
2002465,54.0
2002469,27.0
2002703,53.0
2002963,26.0
2003375,28.0
2003389,54.0
2003392,52.0
2003409,54.0
2003709,54.0
2004673,26.0
2004694,39.0
2004738,27.0
2004754,51.0
2005047,38.0
2005057,54.0
2005060,27.0
2005083,38.0
2005102,52.0
2005143,54.0
2005274,54.0
2005298,54.0
2005335,24.0
2005384,54.0
2005613,31.0
2005731,27.0
2005844,27.0
2005877,54.0
2005984,50.0
2006047,28.0
2006089,27.0
2006144,52.0
2006310,51.0
2006614,54.0
2006630,26.0
2006779,28.0
2006810,27.0
2006812,27.0
2006928,50.0
2007088,54.0
2007114,27.0
2007117,54.0
2007133,54.0
2007186,54.0
2007250,54.0
2007265,54.0
2007505,11.0
2008518,54.0
2008562,54.0
2008567,24.0
2008571,54.0
2008589,26.0
2008747,54.0
2009639,27.0
2009827,54.0
2010049,51.0
2010082,10.0
2010125,26.0
2010127,27.0
2010192,52.0
2010216,54.0
2010233,54.0
2010235,29.0
2010260,54.0
2010269,53.0
2010278,54.0
2010282,39.0
2010290,54.0
2010315,53.0
2010329,54.0
2010356,39.0
2010359,40.0
2010370,54.0
2010379,39.0
2010404,27.0
2010419,54.0
2010428,54.0
2010444,12.0
2010456,54.0
2010487,13.0
2010498,54.0
2010511,54.0
2010519,49.0
2010568,54.0
2010574,26.0
2010598,27.0
2010615,28.0
2010652,42.0
2010667,54.0
2010676,54.0
2010693,29.0
2010702,27.0
2010743,54.0
2010755,35.0
2010756,28.0
2010762,53.0
2010766,27.0
2010779,28.0
2010786,40.0
2010793,54.0
2010837,29.0
2010880,51.0
2010885,27.0
2010902,54.0
2010913,25.0
2010916,54.0
2010918,54.0
2010945,27.0
2010959,54.0
2010964,27.0
2010972,29.0
2010989,54.0
2011008,54.0
2011032,28.0
2011054,41.0
2011073,54.0
2011080,27.0
2011105,51.0
2011110,54.0
2011114,25.0
2011127,39.0
2011148,39.0
2011153,54.0
2011155,30.0
2011200,54.0
2011208,38.0
2011211,53.0
2011216,20.0
2011218,54.0
2011220,54.0
2011225,54.0
2011243,27.0
2011259,54.0
2011266,54.0
2011328,54.0
2011329,53.0
2011346,13.0
2011399,53.0
2011401,54.0
2011437,6.0
2011448,4.0
2011449,27.0
2011450,12.0
2011451,1.0
2011457,7.0
2011459,5.0
2011463,27.0
2011468,5.0
2011470,7.0
2011471,27.0
2011583,54.0
2011872,54.0
2011898,25.0
2011910,54.0
2011927,52.0
2011934,54.0
2011938,27.0
2012385,27.0
2012410,53.0
2012576,27.0
2012591,27.0
2012970,20.0
2013086,54.0
2013309,54.0
2013450,53.0
2013621,54.0
2013632,53.0
2013648,27.0
2013651,54.0
2013674,54.0
2013931,52.0
2014053,52.0
2014085,54.0
2014089,43.0
2014094,54.0
2014097,27.0
2014922,27.0
2015628,27.0
2015646,0.0
2015815,54.0
2015820,27.0
2015898,1.0
2016322,28.0
2016362,27.0
2016407,54.0
2016419,54.0
2016441,27.0
2016619,38.0
2016642,27.0
2016716,39.0
2016737,40.0
2016738,54.0
2016795,20.0
2016864,24.0
2017079,52.0
2017173,54.0
2017184,23.0
2017202,54.0
2017241,54.0
2017245,39.0
2017257,27.0
2017343,27.0
2017583,26.0
2018087,12.0
2018245,22.0
2018273,54.0
2018358,54.0
2018397,54.0
2018471,54.0
2018612,54.0
2018690,54.0
2018753,50.0
2019084,54.0
2026256,54.0
2026304,12.0
2026312,53.0
2026369,22.0
2026432,35.0
2026444,54.0
2026454,54.0
2026501,54.0
2026597,39.0
2026609,47.0
2026631,54.0
2026650,54.0
2026683,54.0
2026801,54.0
2026858,51.0
2026893,54.0
2026945,54.0
2026959,40.0
2026983,54.0
2027090,54.0
2027203,52.0
2027252,51.0
2027559,54.0
2027649,50.0
2027777,52.0
2027809,44.0
2027827,50.0
2028217,38.0
2028307,50.0
2028315,51.0
2028335,50.0
2028403,38.0
2028404,38.0
2028435,54.0
2028696,54.0
2028754,50.0
2028810,54.0
2028898,39.0
2028983,38.0
2029427,54.0
2029457,26.0
2029467,53.0
2029494,53.0
2029519,54.0
2029543,27.0
2030002,38.0
2030447,53.0
2030606,27.0
2030822,54.0
2031266,27.0
2031273,27.0
2031309,29.0
2031325,13.0
2031378,27.0
2032088,27.0
2032488,54.0
2033554,25.0
2033699,47.0
2033805,53.0
2033992,27.0
2034104,54.0
2034132,20.0
2034212,49.0
2035258,20.0
2035293,54.0
2035576,12.0
2035581,54.0
2035587,52.0
2036460,53.0
2036465,39.0
2036574,28.0
2036618,47.0
2036676,26.0
2037008,27.0
2037148,27.0
2037269,27.0
2037487,41.0
2040614,25.0
2040637,37.0
2040862,53.0
2042210,27.0
2042314,26.0
2042436,54.0
2042614,50.0
2042941,54.0
2042947,54.0
2043198,54.0
2043261,27.0
2043559,20.0
2043795,54.0
2043849,54.0
2045162,53.0
2045280,31.0
2045360,21.0
2045373,29.0
2045493,12.0
2045533,26.0
2045545,39.0
2045637,25.0
2045783,38.0
2045834,24.0
2045986,22.0
2046021,23.0
2046260,21.0
2046297,39.0
2046298,38.0
2046348,31.0
2046528,33.0
2046552,30.0
2046591,31.0
2046670,32.0
2046789,23.0
2046805,54.0
2046903,27.0
2046916,54.0
2047159,46.0
2047211,46.0
2047495,39.0
2047496,53.0
2047506,54.0
2047508,54.0
2047752,54.0
2048113,52.0
2048139,27.0
2048141,54.0
2048163,54.0
2048164,54.0
2048182,39.0
2048193,27.0
2048242,54.0
2048246,54.0
2048248,53.0
2048271,53.0
2048279,28.0
2048300,54.0
2048313,54.0
2048323,53.0
2048358,53.0
2048362,54.0
2048374,51.0
2048381,54.0
2048399,52.0
2048406,27.0
2048421,26.0
2048471,54.0
2048515,54.0
2048546,52.0
2048596,53.0
2048609,51.0
2048624,54.0
2048633,52.0
2048674,27.0
2048874,13.0
2048954,8.0
2049003,38.0
2049026,7.0
2049037,47.0
2049081,25.0
2049153,43.0
2049304,19.0
2049778,54.0
2051064,47.0
2052563,37.0
2053415,15.0
2053564,27.0
2053590,54.0
2053610,54.0
2053614,54.0
2053630,54.0
2053751,51.0
2053874,53.0
2054101,54.0
2054291,54.0
2054300,18.0
2054580,54.0
2054605,20.0
2054635,54.0
2054903,25.0
2056549,11.0
2056557,54.0
2056764,30.0
2056876,21.0
2057033,54.0
2057231,38.0
2057387,34.0
2057442,54.0
2057762,21.0
2058362,27.0
2058758,54.0
2058764,24.0
2058895,21.0
2058907,23.0
2059122,20.0
2059277,53.0
2059342,54.0
2059647,54.0
2059799,53.0
2060787,54.0
2060793,27.0
2060910,54.0
2061025,54.0
2061033,54.0
2061121,50.0
2061214,28.0
2061404,54.0
2061781,54.0
2062477,30.0
2062912,24.0
2067056,54.0
2067123,53.0
2067333,27.0
2068536,52.0
2072545,53.0
2075374,38.0
2075733,24.0
2076761,39.0
2081050,46.0
2081056,54.0
2081064,54.0
2081095,53.0
2081139,49.0
2081142,54.0
2081161,54.0
2081175,33.0
2083837,53.0
2083859,54.0
2084278,52.0
2084557,54.0
2084706,24.0
2086882,54.0
2087374,54.0
2087409,51.0
2087543,54.0
2087567,54.0
2087933,50.0
2087978,54.0
2088860,31.0
2088922,54.0
2088946,12.0
2089036,18.0
2089224,12.0
2089250,26.0
2089276,26.0
2089339,54.0
2089789,34.0
2090125,35.0
2091318,27.0
2099230,54.0
2101795,54.0
2103250,54.0
2105347,52.0
2106464,54.0
2108569,53.0
2108843,25.0
2109909,51.0
2109969,0.0
2110456,54.0
2111684,51.0
2111870,27.0
2112280,0.0
2112303,0.0
2112404,39.0
2112461,0.0
2112462,0.0
2112607,0.0
2113343,54.0
2113914,54.0
2114566,20.0
2114752,9.0
2114812,23.0
2116132,8.0
2116139,4.0
2116238,5.0
2116416,52.0
2116470,0.0
2117783,0.0
2118397,0.0
2118662,5.0
2120180,0.0
2120216,0.0
2120506,0.0
2120681,0.0
2120723,11.0
2120768,0.0
2121319,0.0
2121610,5.0
2121690,9.0
2122188,46.0
2122676,17.0
2122818,1.0
2122868,16.0
2122947,4.0
2123036,7.0
2123209,3.0
2123410,9.0
2123463,2.0
2123468,26.0
2123711,4.0
2123727,16.0
2123747,2.0
2123750,18.0
2123775,14.0
2123790,7.0
2123791,12.0
2123839,11.0
2123859,3.0
2123863,7.0
2124052,48.0
2124705,0.0
2125814,0.0
2126696,0.0
2126842,4.0
2126944,5.0
2127024,0.0
2127069,0.0
2127114,23.0
2127175,0.0
2127206,0.0
2127544,0.0
2127651,0.0
2127733,0.0
2127825,0.0
2127921,0.0
2127992,0.0
2128628,0.0
2128799,0.0
2129334,0.0
2129350,0.0
2129387,0.0
2129515,0.0
2129616,0.0
2129678,0.0
2129786,0.0
2129790,0.0
2129892,0.0
2129994,0.0
2130131,0.0
2130219,0.0
2130265,0.0
2130352,0.0
2130474,0.0
2130521,0.0
2130526,0.0
2130553,0.0
2131010,0.0
2131572,0.0
2131699,0.0
2132163,0.0
2132318,0.0
2132945,0.0
2132957,0.0
2134058,0.0
2134244,0.0
